2026-06-10 23:45:58 +08:00: Error: Could not find a production build in the '.next' directory. Try building your app with 'next build' before starting the production server. https://nextjs.org/docs/messages/production-start-no-build-id
2026-06-10 23:45:58 +08:00:     at ignore-listed frames
2026-06-10 23:46:00 +08:00: Error: Could not find a production build in the '.next' directory. Try building your app with 'next build' before starting the production server. https://nextjs.org/docs/messages/production-start-no-build-id
2026-06-10 23:46:00 +08:00:     at ignore-listed frames
2026-06-10 23:46:01 +08:00: Error: Could not find a production build in the '.next' directory. Try building your app with 'next build' before starting the production server. https://nextjs.org/docs/messages/production-start-no-build-id
2026-06-10 23:46:01 +08:00:     at ignore-listed frames
2026-06-10 23:46:02 +08:00: Error: Could not find a production build in the '.next' directory. Try building your app with 'next build' before starting the production server. https://nextjs.org/docs/messages/production-start-no-build-id
2026-06-10 23:46:02 +08:00:     at ignore-listed frames
2026-06-10 23:46:03 +08:00: Error: Could not find a production build in the '.next' directory. Try building your app with 'next build' before starting the production server. https://nextjs.org/docs/messages/production-start-no-build-id
2026-06-10 23:46:03 +08:00:     at ignore-listed frames
2026-06-10 23:46:05 +08:00: Error: Could not find a production build in the '.next' directory. Try building your app with 'next build' before starting the production server. https://nextjs.org/docs/messages/production-start-no-build-id
2026-06-10 23:46:05 +08:00:     at ignore-listed frames
2026-06-10 23:46:07 +08:00: Error: Could not find a production build in the '.next' directory. Try building your app with 'next build' before starting the production server. https://nextjs.org/docs/messages/production-start-no-build-id
2026-06-10 23:46:07 +08:00:     at ignore-listed frames
2026-06-10 23:46:10 +08:00: Error: Could not find a production build in the '.next' directory. Try building your app with 'next build' before starting the production server. https://nextjs.org/docs/messages/production-start-no-build-id
2026-06-10 23:46:10 +08:00:     at ignore-listed frames
2026-06-10 23:46:13 +08:00: Error: Could not find a production build in the '.next' directory. Try building your app with 'next build' before starting the production server. https://nextjs.org/docs/messages/production-start-no-build-id
2026-06-10 23:46:13 +08:00:     at ignore-listed frames
2026-06-10 23:46:18 +08:00: Error: Could not find a production build in the '.next' directory. Try building your app with 'next build' before starting the production server. https://nextjs.org/docs/messages/production-start-no-build-id
2026-06-10 23:46:18 +08:00:     at ignore-listed frames
2026-06-11 00:00:05 +08:00: ⨯ Failed to start server
2026-06-11 00:00:05 +08:00: Error: listen EADDRINUSE: address already in use :::3001
2026-06-11 00:00:05 +08:00:     at <unknown> (Error: listen EADDRINUSE: address already in use :::3001)
2026-06-11 00:00:05 +08:00:     at new Promise (<anonymous>) {
2026-06-11 00:00:05 +08:00:   code: 'EADDRINUSE',
2026-06-11 00:00:05 +08:00:   errno: -98,
2026-06-11 00:00:05 +08:00:   syscall: 'listen',
2026-06-11 00:00:05 +08:00:   address: '::',
2026-06-11 00:00:05 +08:00:   port: 3001
2026-06-11 00:00:05 +08:00: }
2026-06-11 00:00:05 +08:00: ⨯ Failed to start server
2026-06-11 00:00:05 +08:00: Error: listen EADDRINUSE: address already in use :::3001
2026-06-11 00:00:05 +08:00:     at <unknown> (Error: listen EADDRINUSE: address already in use :::3001)
2026-06-11 00:00:05 +08:00:     at new Promise (<anonymous>) {
2026-06-11 00:00:05 +08:00:   code: 'EADDRINUSE',
2026-06-11 00:00:05 +08:00:   errno: -98,
2026-06-11 00:00:05 +08:00:   syscall: 'listen',
2026-06-11 00:00:05 +08:00:   address: '::',
2026-06-11 00:00:05 +08:00:   port: 3001
2026-06-11 00:00:05 +08:00: }
2026-06-11 00:00:06 +08:00: ⨯ Failed to start server
2026-06-11 00:00:06 +08:00: Error: listen EADDRINUSE: address already in use :::3001
2026-06-11 00:00:06 +08:00:     at <unknown> (Error: listen EADDRINUSE: address already in use :::3001)
2026-06-11 00:00:06 +08:00:     at new Promise (<anonymous>) {
2026-06-11 00:00:06 +08:00:   code: 'EADDRINUSE',
2026-06-11 00:00:06 +08:00:   errno: -98,
2026-06-11 00:00:06 +08:00:   syscall: 'listen',
2026-06-11 00:00:06 +08:00:   address: '::',
2026-06-11 00:00:06 +08:00:   port: 3001
2026-06-11 00:00:06 +08:00: }
2026-06-11 00:00:06 +08:00: ⨯ Failed to start server
2026-06-11 00:00:06 +08:00: Error: listen EADDRINUSE: address already in use :::3001
2026-06-11 00:00:06 +08:00:     at <unknown> (Error: listen EADDRINUSE: address already in use :::3001)
2026-06-11 00:00:06 +08:00:     at new Promise (<anonymous>) {
2026-06-11 00:00:06 +08:00:   code: 'EADDRINUSE',
2026-06-11 00:00:06 +08:00:   errno: -98,
2026-06-11 00:00:06 +08:00:   syscall: 'listen',
2026-06-11 00:00:06 +08:00:   address: '::',
2026-06-11 00:00:06 +08:00:   port: 3001
2026-06-11 00:00:06 +08:00: }
2026-06-11 00:00:07 +08:00: ⨯ Failed to start server
2026-06-11 00:00:07 +08:00: Error: listen EADDRINUSE: address already in use :::3001
2026-06-11 00:00:07 +08:00:     at <unknown> (Error: listen EADDRINUSE: address already in use :::3001)
2026-06-11 00:00:07 +08:00:     at new Promise (<anonymous>) {
2026-06-11 00:00:07 +08:00:   code: 'EADDRINUSE',
2026-06-11 00:00:07 +08:00:   errno: -98,
2026-06-11 00:00:07 +08:00:   syscall: 'listen',
2026-06-11 00:00:07 +08:00:   address: '::',
2026-06-11 00:00:07 +08:00:   port: 3001
2026-06-11 00:00:07 +08:00: }
2026-06-11 00:00:08 +08:00: ⨯ Failed to start server
2026-06-11 00:00:08 +08:00: Error: listen EADDRINUSE: address already in use :::3001
2026-06-11 00:00:08 +08:00:     at <unknown> (Error: listen EADDRINUSE: address already in use :::3001)
2026-06-11 00:00:08 +08:00:     at new Promise (<anonymous>) {
2026-06-11 00:00:08 +08:00:   code: 'EADDRINUSE',
2026-06-11 00:00:08 +08:00:   errno: -98,
2026-06-11 00:00:08 +08:00:   syscall: 'listen',
2026-06-11 00:00:08 +08:00:   address: '::',
2026-06-11 00:00:08 +08:00:   port: 3001
2026-06-11 00:00:08 +08:00: }
2026-06-11 00:00:09 +08:00: ⨯ Failed to start server
2026-06-11 00:00:09 +08:00: Error: listen EADDRINUSE: address already in use :::3001
2026-06-11 00:00:09 +08:00:     at <unknown> (Error: listen EADDRINUSE: address already in use :::3001)
2026-06-11 00:00:09 +08:00:     at new Promise (<anonymous>) {
2026-06-11 00:00:09 +08:00:   code: 'EADDRINUSE',
2026-06-11 00:00:09 +08:00:   errno: -98,
2026-06-11 00:00:09 +08:00:   syscall: 'listen',
2026-06-11 00:00:09 +08:00:   address: '::',
2026-06-11 00:00:09 +08:00:   port: 3001
2026-06-11 00:00:09 +08:00: }
2026-06-11 00:00:11 +08:00: ⨯ Failed to start server
2026-06-11 00:00:11 +08:00: Error: listen EADDRINUSE: address already in use :::3001
2026-06-11 00:00:11 +08:00:     at <unknown> (Error: listen EADDRINUSE: address already in use :::3001)
2026-06-11 00:00:11 +08:00:     at new Promise (<anonymous>) {
2026-06-11 00:00:11 +08:00:   code: 'EADDRINUSE',
2026-06-11 00:00:11 +08:00:   errno: -98,
2026-06-11 00:00:11 +08:00:   syscall: 'listen',
2026-06-11 00:00:11 +08:00:   address: '::',
2026-06-11 00:00:11 +08:00:   port: 3001
2026-06-11 00:00:11 +08:00: }
2026-06-11 00:00:13 +08:00: ⨯ Failed to start server
2026-06-11 00:00:13 +08:00: Error: listen EADDRINUSE: address already in use :::3001
2026-06-11 00:00:13 +08:00:     at <unknown> (Error: listen EADDRINUSE: address already in use :::3001)
2026-06-11 00:00:13 +08:00:     at new Promise (<anonymous>) {
2026-06-11 00:00:13 +08:00:   code: 'EADDRINUSE',
2026-06-11 00:00:13 +08:00:   errno: -98,
2026-06-11 00:00:13 +08:00:   syscall: 'listen',
2026-06-11 00:00:13 +08:00:   address: '::',
2026-06-11 00:00:13 +08:00:   port: 3001
2026-06-11 00:00:13 +08:00: }
2026-06-11 00:00:16 +08:00: ⨯ Failed to start server
2026-06-11 00:00:16 +08:00: Error: listen EADDRINUSE: address already in use :::3001
2026-06-11 00:00:16 +08:00:     at <unknown> (Error: listen EADDRINUSE: address already in use :::3001)
2026-06-11 00:00:16 +08:00:     at new Promise (<anonymous>) {
2026-06-11 00:00:16 +08:00:   code: 'EADDRINUSE',
2026-06-11 00:00:16 +08:00:   errno: -98,
2026-06-11 00:00:16 +08:00:   syscall: 'listen',
2026-06-11 00:00:16 +08:00:   address: '::',
2026-06-11 00:00:16 +08:00:   port: 3001
2026-06-11 00:00:16 +08:00: }
2026-06-11 00:15:12 +08:00: ⨯ Failed to start server
2026-06-11 00:15:12 +08:00: Error: listen EADDRINUSE: address already in use :::3001
2026-06-11 00:15:12 +08:00:     at <unknown> (Error: listen EADDRINUSE: address already in use :::3001)
2026-06-11 00:15:12 +08:00:     at new Promise (<anonymous>) {
2026-06-11 00:15:12 +08:00:   code: 'EADDRINUSE',
2026-06-11 00:15:12 +08:00:   errno: -98,
2026-06-11 00:15:12 +08:00:   syscall: 'listen',
2026-06-11 00:15:12 +08:00:   address: '::',
2026-06-11 00:15:12 +08:00:   port: 3001
2026-06-11 00:15:12 +08:00: }
2026-06-11 00:15:13 +08:00: ⨯ Failed to start server
2026-06-11 00:15:13 +08:00: Error: listen EADDRINUSE: address already in use :::3001
2026-06-11 00:15:13 +08:00:     at <unknown> (Error: listen EADDRINUSE: address already in use :::3001)
2026-06-11 00:15:13 +08:00:     at new Promise (<anonymous>) {
2026-06-11 00:15:13 +08:00:   code: 'EADDRINUSE',
2026-06-11 00:15:13 +08:00:   errno: -98,
2026-06-11 00:15:13 +08:00:   syscall: 'listen',
2026-06-11 00:15:13 +08:00:   address: '::',
2026-06-11 00:15:13 +08:00:   port: 3001
2026-06-11 00:15:13 +08:00: }
2026-06-11 00:15:14 +08:00: ⨯ Failed to start server
2026-06-11 00:15:14 +08:00: Error: listen EADDRINUSE: address already in use :::3001
2026-06-11 00:15:14 +08:00:     at <unknown> (Error: listen EADDRINUSE: address already in use :::3001)
2026-06-11 00:15:14 +08:00:     at new Promise (<anonymous>) {
2026-06-11 00:15:14 +08:00:   code: 'EADDRINUSE',
2026-06-11 00:15:14 +08:00:   errno: -98,
2026-06-11 00:15:14 +08:00:   syscall: 'listen',
2026-06-11 00:15:14 +08:00:   address: '::',
2026-06-11 00:15:14 +08:00:   port: 3001
2026-06-11 00:15:14 +08:00: }
2026-06-11 00:15:15 +08:00: ⨯ Failed to start server
2026-06-11 00:15:15 +08:00: Error: listen EADDRINUSE: address already in use :::3001
2026-06-11 00:15:15 +08:00:     at <unknown> (Error: listen EADDRINUSE: address already in use :::3001)
2026-06-11 00:15:15 +08:00:     at new Promise (<anonymous>) {
2026-06-11 00:15:15 +08:00:   code: 'EADDRINUSE',
2026-06-11 00:15:15 +08:00:   errno: -98,
2026-06-11 00:15:15 +08:00:   syscall: 'listen',
2026-06-11 00:15:15 +08:00:   address: '::',
2026-06-11 00:15:15 +08:00:   port: 3001
2026-06-11 00:15:15 +08:00: }
2026-06-11 00:15:16 +08:00: ⨯ Failed to start server
2026-06-11 00:15:16 +08:00: Error: listen EADDRINUSE: address already in use :::3001
2026-06-11 00:15:16 +08:00:     at <unknown> (Error: listen EADDRINUSE: address already in use :::3001)
2026-06-11 00:15:16 +08:00:     at new Promise (<anonymous>) {
2026-06-11 00:15:16 +08:00:   code: 'EADDRINUSE',
2026-06-11 00:15:16 +08:00:   errno: -98,
2026-06-11 00:15:16 +08:00:   syscall: 'listen',
2026-06-11 00:15:16 +08:00:   address: '::',
2026-06-11 00:15:16 +08:00:   port: 3001
2026-06-11 00:15:16 +08:00: }
2026-06-11 00:15:17 +08:00: ⨯ Failed to start server
2026-06-11 00:15:17 +08:00: Error: listen EADDRINUSE: address already in use :::3001
2026-06-11 00:15:17 +08:00:     at <unknown> (Error: listen EADDRINUSE: address already in use :::3001)
2026-06-11 00:15:17 +08:00:     at new Promise (<anonymous>) {
2026-06-11 00:15:17 +08:00:   code: 'EADDRINUSE',
2026-06-11 00:15:17 +08:00:   errno: -98,
2026-06-11 00:15:17 +08:00:   syscall: 'listen',
2026-06-11 00:15:17 +08:00:   address: '::',
2026-06-11 00:15:17 +08:00:   port: 3001
2026-06-11 00:15:17 +08:00: }
2026-06-11 00:15:18 +08:00: ⨯ Failed to start server
2026-06-11 00:15:18 +08:00: Error: listen EADDRINUSE: address already in use :::3001
2026-06-11 00:15:18 +08:00:     at <unknown> (Error: listen EADDRINUSE: address already in use :::3001)
2026-06-11 00:15:18 +08:00:     at new Promise (<anonymous>) {
2026-06-11 00:15:18 +08:00:   code: 'EADDRINUSE',
2026-06-11 00:15:18 +08:00:   errno: -98,
2026-06-11 00:15:18 +08:00:   syscall: 'listen',
2026-06-11 00:15:18 +08:00:   address: '::',
2026-06-11 00:15:18 +08:00:   port: 3001
2026-06-11 00:15:18 +08:00: }
2026-06-11 00:15:19 +08:00: ⨯ Failed to start server
2026-06-11 00:15:19 +08:00: Error: listen EADDRINUSE: address already in use :::3001
2026-06-11 00:15:19 +08:00:     at <unknown> (Error: listen EADDRINUSE: address already in use :::3001)
2026-06-11 00:15:19 +08:00:     at new Promise (<anonymous>) {
2026-06-11 00:15:19 +08:00:   code: 'EADDRINUSE',
2026-06-11 00:15:19 +08:00:   errno: -98,
2026-06-11 00:15:19 +08:00:   syscall: 'listen',
2026-06-11 00:15:19 +08:00:   address: '::',
2026-06-11 00:15:19 +08:00:   port: 3001
2026-06-11 00:15:19 +08:00: }
2026-06-11 00:15:21 +08:00: ⨯ Failed to start server
2026-06-11 00:15:21 +08:00: Error: listen EADDRINUSE: address already in use :::3001
2026-06-11 00:15:21 +08:00:     at <unknown> (Error: listen EADDRINUSE: address already in use :::3001)
2026-06-11 00:15:21 +08:00:     at new Promise (<anonymous>) {
2026-06-11 00:15:21 +08:00:   code: 'EADDRINUSE',
2026-06-11 00:15:21 +08:00:   errno: -98,
2026-06-11 00:15:21 +08:00:   syscall: 'listen',
2026-06-11 00:15:21 +08:00:   address: '::',
2026-06-11 00:15:21 +08:00:   port: 3001
2026-06-11 00:15:21 +08:00: }
2026-06-11 00:15:24 +08:00: ⨯ Failed to start server
2026-06-11 00:15:24 +08:00: Error: listen EADDRINUSE: address already in use :::3001
2026-06-11 00:15:24 +08:00:     at <unknown> (Error: listen EADDRINUSE: address already in use :::3001)
2026-06-11 00:15:24 +08:00:     at new Promise (<anonymous>) {
2026-06-11 00:15:24 +08:00:   code: 'EADDRINUSE',
2026-06-11 00:15:24 +08:00:   errno: -98,
2026-06-11 00:15:24 +08:00:   syscall: 'listen',
2026-06-11 00:15:24 +08:00:   address: '::',
2026-06-11 00:15:24 +08:00:   port: 3001
2026-06-11 00:15:24 +08:00: }
2026-06-11 00:30:19 +08:00: ⨯ Failed to start server
2026-06-11 00:30:19 +08:00: Error: listen EADDRINUSE: address already in use :::3001
2026-06-11 00:30:19 +08:00:     at <unknown> (Error: listen EADDRINUSE: address already in use :::3001)
2026-06-11 00:30:19 +08:00:     at new Promise (<anonymous>) {
2026-06-11 00:30:19 +08:00:   code: 'EADDRINUSE',
2026-06-11 00:30:19 +08:00:   errno: -98,
2026-06-11 00:30:19 +08:00:   syscall: 'listen',
2026-06-11 00:30:19 +08:00:   address: '::',
2026-06-11 00:30:19 +08:00:   port: 3001
2026-06-11 00:30:19 +08:00: }
2026-06-11 00:30:20 +08:00: ⨯ Failed to start server
2026-06-11 00:30:20 +08:00: Error: listen EADDRINUSE: address already in use :::3001
2026-06-11 00:30:20 +08:00:     at <unknown> (Error: listen EADDRINUSE: address already in use :::3001)
2026-06-11 00:30:20 +08:00:     at new Promise (<anonymous>) {
2026-06-11 00:30:20 +08:00:   code: 'EADDRINUSE',
2026-06-11 00:30:20 +08:00:   errno: -98,
2026-06-11 00:30:20 +08:00:   syscall: 'listen',
2026-06-11 00:30:20 +08:00:   address: '::',
2026-06-11 00:30:20 +08:00:   port: 3001
2026-06-11 00:30:20 +08:00: }
2026-06-11 00:30:20 +08:00: ⨯ Failed to start server
2026-06-11 00:30:20 +08:00: Error: listen EADDRINUSE: address already in use :::3001
2026-06-11 00:30:20 +08:00:     at <unknown> (Error: listen EADDRINUSE: address already in use :::3001)
2026-06-11 00:30:20 +08:00:     at new Promise (<anonymous>) {
2026-06-11 00:30:20 +08:00:   code: 'EADDRINUSE',
2026-06-11 00:30:20 +08:00:   errno: -98,
2026-06-11 00:30:20 +08:00:   syscall: 'listen',
2026-06-11 00:30:20 +08:00:   address: '::',
2026-06-11 00:30:20 +08:00:   port: 3001
2026-06-11 00:30:20 +08:00: }
2026-06-11 00:30:21 +08:00: ⨯ Failed to start server
2026-06-11 00:30:21 +08:00: Error: listen EADDRINUSE: address already in use :::3001
2026-06-11 00:30:21 +08:00:     at <unknown> (Error: listen EADDRINUSE: address already in use :::3001)
2026-06-11 00:30:21 +08:00:     at new Promise (<anonymous>) {
2026-06-11 00:30:21 +08:00:   code: 'EADDRINUSE',
2026-06-11 00:30:21 +08:00:   errno: -98,
2026-06-11 00:30:21 +08:00:   syscall: 'listen',
2026-06-11 00:30:21 +08:00:   address: '::',
2026-06-11 00:30:21 +08:00:   port: 3001
2026-06-11 00:30:21 +08:00: }
2026-06-11 00:30:22 +08:00: ⨯ Failed to start server
2026-06-11 00:30:22 +08:00: Error: listen EADDRINUSE: address already in use :::3001
2026-06-11 00:30:22 +08:00:     at <unknown> (Error: listen EADDRINUSE: address already in use :::3001)
2026-06-11 00:30:22 +08:00:     at new Promise (<anonymous>) {
2026-06-11 00:30:22 +08:00:   code: 'EADDRINUSE',
2026-06-11 00:30:22 +08:00:   errno: -98,
2026-06-11 00:30:22 +08:00:   syscall: 'listen',
2026-06-11 00:30:22 +08:00:   address: '::',
2026-06-11 00:30:22 +08:00:   port: 3001
2026-06-11 00:30:22 +08:00: }
2026-06-11 00:30:22 +08:00: ⨯ Failed to start server
2026-06-11 00:30:22 +08:00: Error: listen EADDRINUSE: address already in use :::3001
2026-06-11 00:30:22 +08:00:     at <unknown> (Error: listen EADDRINUSE: address already in use :::3001)
2026-06-11 00:30:22 +08:00:     at new Promise (<anonymous>) {
2026-06-11 00:30:22 +08:00:   code: 'EADDRINUSE',
2026-06-11 00:30:22 +08:00:   errno: -98,
2026-06-11 00:30:22 +08:00:   syscall: 'listen',
2026-06-11 00:30:22 +08:00:   address: '::',
2026-06-11 00:30:22 +08:00:   port: 3001
2026-06-11 00:30:22 +08:00: }
2026-06-11 00:30:24 +08:00: ⨯ Failed to start server
2026-06-11 00:30:24 +08:00: Error: listen EADDRINUSE: address already in use :::3001
2026-06-11 00:30:24 +08:00:     at <unknown> (Error: listen EADDRINUSE: address already in use :::3001)
2026-06-11 00:30:24 +08:00:     at new Promise (<anonymous>) {
2026-06-11 00:30:24 +08:00:   code: 'EADDRINUSE',
2026-06-11 00:30:24 +08:00:   errno: -98,
2026-06-11 00:30:24 +08:00:   syscall: 'listen',
2026-06-11 00:30:24 +08:00:   address: '::',
2026-06-11 00:30:24 +08:00:   port: 3001
2026-06-11 00:30:24 +08:00: }
2026-06-11 00:30:25 +08:00: ⨯ Failed to start server
2026-06-11 00:30:25 +08:00: Error: listen EADDRINUSE: address already in use :::3001
2026-06-11 00:30:25 +08:00:     at <unknown> (Error: listen EADDRINUSE: address already in use :::3001)
2026-06-11 00:30:25 +08:00:     at new Promise (<anonymous>) {
2026-06-11 00:30:25 +08:00:   code: 'EADDRINUSE',
2026-06-11 00:30:25 +08:00:   errno: -98,
2026-06-11 00:30:25 +08:00:   syscall: 'listen',
2026-06-11 00:30:25 +08:00:   address: '::',
2026-06-11 00:30:25 +08:00:   port: 3001
2026-06-11 00:30:25 +08:00: }
2026-06-11 00:30:27 +08:00: ⨯ Failed to start server
2026-06-11 00:30:27 +08:00: Error: listen EADDRINUSE: address already in use :::3001
2026-06-11 00:30:27 +08:00:     at <unknown> (Error: listen EADDRINUSE: address already in use :::3001)
2026-06-11 00:30:27 +08:00:     at new Promise (<anonymous>) {
2026-06-11 00:30:27 +08:00:   code: 'EADDRINUSE',
2026-06-11 00:30:27 +08:00:   errno: -98,
2026-06-11 00:30:27 +08:00:   syscall: 'listen',
2026-06-11 00:30:27 +08:00:   address: '::',
2026-06-11 00:30:27 +08:00:   port: 3001
2026-06-11 00:30:27 +08:00: }
2026-06-11 00:30:30 +08:00: ⨯ Failed to start server
2026-06-11 00:30:30 +08:00: Error: listen EADDRINUSE: address already in use :::3001
2026-06-11 00:30:30 +08:00:     at <unknown> (Error: listen EADDRINUSE: address already in use :::3001)
2026-06-11 00:30:30 +08:00:     at new Promise (<anonymous>) {
2026-06-11 00:30:30 +08:00:   code: 'EADDRINUSE',
2026-06-11 00:30:30 +08:00:   errno: -98,
2026-06-11 00:30:30 +08:00:   syscall: 'listen',
2026-06-11 00:30:30 +08:00:   address: '::',
2026-06-11 00:30:30 +08:00:   port: 3001
2026-06-11 00:30:30 +08:00: }
2026-06-11 00:45:27 +08:00: ⨯ Failed to start server
2026-06-11 00:45:27 +08:00: Error: listen EADDRINUSE: address already in use :::3001
2026-06-11 00:45:27 +08:00:     at <unknown> (Error: listen EADDRINUSE: address already in use :::3001)
2026-06-11 00:45:27 +08:00:     at new Promise (<anonymous>) {
2026-06-11 00:45:27 +08:00:   code: 'EADDRINUSE',
2026-06-11 00:45:27 +08:00:   errno: -98,
2026-06-11 00:45:27 +08:00:   syscall: 'listen',
2026-06-11 00:45:27 +08:00:   address: '::',
2026-06-11 00:45:27 +08:00:   port: 3001
2026-06-11 00:45:27 +08:00: }
2026-06-11 00:45:28 +08:00: ⨯ Failed to start server
2026-06-11 00:45:28 +08:00: Error: listen EADDRINUSE: address already in use :::3001
2026-06-11 00:45:28 +08:00:     at <unknown> (Error: listen EADDRINUSE: address already in use :::3001)
2026-06-11 00:45:28 +08:00:     at new Promise (<anonymous>) {
2026-06-11 00:45:28 +08:00:   code: 'EADDRINUSE',
2026-06-11 00:45:28 +08:00:   errno: -98,
2026-06-11 00:45:28 +08:00:   syscall: 'listen',
2026-06-11 00:45:28 +08:00:   address: '::',
2026-06-11 00:45:28 +08:00:   port: 3001
2026-06-11 00:45:28 +08:00: }
2026-06-11 00:45:28 +08:00: ⨯ Failed to start server
2026-06-11 00:45:28 +08:00: Error: listen EADDRINUSE: address already in use :::3001
2026-06-11 00:45:28 +08:00:     at <unknown> (Error: listen EADDRINUSE: address already in use :::3001)
2026-06-11 00:45:28 +08:00:     at new Promise (<anonymous>) {
2026-06-11 00:45:28 +08:00:   code: 'EADDRINUSE',
2026-06-11 00:45:28 +08:00:   errno: -98,
2026-06-11 00:45:28 +08:00:   syscall: 'listen',
2026-06-11 00:45:28 +08:00:   address: '::',
2026-06-11 00:45:28 +08:00:   port: 3001
2026-06-11 00:45:28 +08:00: }
2026-06-11 00:45:29 +08:00: ⨯ Failed to start server
2026-06-11 00:45:29 +08:00: Error: listen EADDRINUSE: address already in use :::3001
2026-06-11 00:45:29 +08:00:     at <unknown> (Error: listen EADDRINUSE: address already in use :::3001)
2026-06-11 00:45:29 +08:00:     at new Promise (<anonymous>) {
2026-06-11 00:45:29 +08:00:   code: 'EADDRINUSE',
2026-06-11 00:45:29 +08:00:   errno: -98,
2026-06-11 00:45:29 +08:00:   syscall: 'listen',
2026-06-11 00:45:29 +08:00:   address: '::',
2026-06-11 00:45:29 +08:00:   port: 3001
2026-06-11 00:45:29 +08:00: }
2026-06-11 00:45:29 +08:00: ⨯ Failed to start server
2026-06-11 00:45:29 +08:00: Error: listen EADDRINUSE: address already in use :::3001
2026-06-11 00:45:29 +08:00:     at <unknown> (Error: listen EADDRINUSE: address already in use :::3001)
2026-06-11 00:45:29 +08:00:     at new Promise (<anonymous>) {
2026-06-11 00:45:29 +08:00:   code: 'EADDRINUSE',
2026-06-11 00:45:29 +08:00:   errno: -98,
2026-06-11 00:45:29 +08:00:   syscall: 'listen',
2026-06-11 00:45:29 +08:00:   address: '::',
2026-06-11 00:45:29 +08:00:   port: 3001
2026-06-11 00:45:29 +08:00: }
2026-06-11 00:45:30 +08:00: ⨯ Failed to start server
2026-06-11 00:45:30 +08:00: Error: listen EADDRINUSE: address already in use :::3001
2026-06-11 00:45:30 +08:00:     at <unknown> (Error: listen EADDRINUSE: address already in use :::3001)
2026-06-11 00:45:30 +08:00:     at new Promise (<anonymous>) {
2026-06-11 00:45:30 +08:00:   code: 'EADDRINUSE',
2026-06-11 00:45:30 +08:00:   errno: -98,
2026-06-11 00:45:30 +08:00:   syscall: 'listen',
2026-06-11 00:45:30 +08:00:   address: '::',
2026-06-11 00:45:30 +08:00:   port: 3001
2026-06-11 00:45:30 +08:00: }
2026-06-11 00:45:32 +08:00: ⨯ Failed to start server
2026-06-11 00:45:32 +08:00: Error: listen EADDRINUSE: address already in use :::3001
2026-06-11 00:45:32 +08:00:     at <unknown> (Error: listen EADDRINUSE: address already in use :::3001)
2026-06-11 00:45:32 +08:00:     at new Promise (<anonymous>) {
2026-06-11 00:45:32 +08:00:   code: 'EADDRINUSE',
2026-06-11 00:45:32 +08:00:   errno: -98,
2026-06-11 00:45:32 +08:00:   syscall: 'listen',
2026-06-11 00:45:32 +08:00:   address: '::',
2026-06-11 00:45:32 +08:00:   port: 3001
2026-06-11 00:45:32 +08:00: }
2026-06-11 00:45:33 +08:00: ⨯ Failed to start server
2026-06-11 00:45:33 +08:00: Error: listen EADDRINUSE: address already in use :::3001
2026-06-11 00:45:33 +08:00:     at <unknown> (Error: listen EADDRINUSE: address already in use :::3001)
2026-06-11 00:45:33 +08:00:     at new Promise (<anonymous>) {
2026-06-11 00:45:33 +08:00:   code: 'EADDRINUSE',
2026-06-11 00:45:33 +08:00:   errno: -98,
2026-06-11 00:45:33 +08:00:   syscall: 'listen',
2026-06-11 00:45:33 +08:00:   address: '::',
2026-06-11 00:45:33 +08:00:   port: 3001
2026-06-11 00:45:33 +08:00: }
2026-06-11 00:45:35 +08:00: ⨯ Failed to start server
2026-06-11 00:45:35 +08:00: Error: listen EADDRINUSE: address already in use :::3001
2026-06-11 00:45:35 +08:00:     at <unknown> (Error: listen EADDRINUSE: address already in use :::3001)
2026-06-11 00:45:35 +08:00:     at new Promise (<anonymous>) {
2026-06-11 00:45:35 +08:00:   code: 'EADDRINUSE',
2026-06-11 00:45:35 +08:00:   errno: -98,
2026-06-11 00:45:35 +08:00:   syscall: 'listen',
2026-06-11 00:45:35 +08:00:   address: '::',
2026-06-11 00:45:35 +08:00:   port: 3001
2026-06-11 00:45:35 +08:00: }
2026-06-11 00:45:38 +08:00: ⨯ Failed to start server
2026-06-11 00:45:38 +08:00: Error: listen EADDRINUSE: address already in use :::3001
2026-06-11 00:45:38 +08:00:     at <unknown> (Error: listen EADDRINUSE: address already in use :::3001)
2026-06-11 00:45:38 +08:00:     at new Promise (<anonymous>) {
2026-06-11 00:45:38 +08:00:   code: 'EADDRINUSE',
2026-06-11 00:45:38 +08:00:   errno: -98,
2026-06-11 00:45:38 +08:00:   syscall: 'listen',
2026-06-11 00:45:38 +08:00:   address: '::',
2026-06-11 00:45:38 +08:00:   port: 3001
2026-06-11 00:45:38 +08:00: }
2026-06-11 01:00:34 +08:00: ⨯ Failed to start server
2026-06-11 01:00:34 +08:00: Error: listen EADDRINUSE: address already in use :::3001
2026-06-11 01:00:34 +08:00:     at <unknown> (Error: listen EADDRINUSE: address already in use :::3001)
2026-06-11 01:00:34 +08:00:     at new Promise (<anonymous>) {
2026-06-11 01:00:34 +08:00:   code: 'EADDRINUSE',
2026-06-11 01:00:34 +08:00:   errno: -98,
2026-06-11 01:00:34 +08:00:   syscall: 'listen',
2026-06-11 01:00:34 +08:00:   address: '::',
2026-06-11 01:00:34 +08:00:   port: 3001
2026-06-11 01:00:34 +08:00: }
2026-06-11 01:00:35 +08:00: ⨯ Failed to start server
2026-06-11 01:00:35 +08:00: Error: listen EADDRINUSE: address already in use :::3001
2026-06-11 01:00:35 +08:00:     at <unknown> (Error: listen EADDRINUSE: address already in use :::3001)
2026-06-11 01:00:35 +08:00:     at new Promise (<anonymous>) {
2026-06-11 01:00:35 +08:00:   code: 'EADDRINUSE',
2026-06-11 01:00:35 +08:00:   errno: -98,
2026-06-11 01:00:35 +08:00:   syscall: 'listen',
2026-06-11 01:00:35 +08:00:   address: '::',
2026-06-11 01:00:35 +08:00:   port: 3001
2026-06-11 01:00:35 +08:00: }
2026-06-11 01:00:35 +08:00: ⨯ Failed to start server
2026-06-11 01:00:35 +08:00: Error: listen EADDRINUSE: address already in use :::3001
2026-06-11 01:00:35 +08:00:     at <unknown> (Error: listen EADDRINUSE: address already in use :::3001)
2026-06-11 01:00:35 +08:00:     at new Promise (<anonymous>) {
2026-06-11 01:00:35 +08:00:   code: 'EADDRINUSE',
2026-06-11 01:00:35 +08:00:   errno: -98,
2026-06-11 01:00:35 +08:00:   syscall: 'listen',
2026-06-11 01:00:35 +08:00:   address: '::',
2026-06-11 01:00:35 +08:00:   port: 3001
2026-06-11 01:00:35 +08:00: }
2026-06-11 01:00:36 +08:00: ⨯ Failed to start server
2026-06-11 01:00:36 +08:00: Error: listen EADDRINUSE: address already in use :::3001
2026-06-11 01:00:36 +08:00:     at <unknown> (Error: listen EADDRINUSE: address already in use :::3001)
2026-06-11 01:00:36 +08:00:     at new Promise (<anonymous>) {
2026-06-11 01:00:36 +08:00:   code: 'EADDRINUSE',
2026-06-11 01:00:36 +08:00:   errno: -98,
2026-06-11 01:00:36 +08:00:   syscall: 'listen',
2026-06-11 01:00:36 +08:00:   address: '::',
2026-06-11 01:00:36 +08:00:   port: 3001
2026-06-11 01:00:36 +08:00: }
2026-06-11 01:00:37 +08:00: ⨯ Failed to start server
2026-06-11 01:00:37 +08:00: Error: listen EADDRINUSE: address already in use :::3001
2026-06-11 01:00:37 +08:00:     at <unknown> (Error: listen EADDRINUSE: address already in use :::3001)
2026-06-11 01:00:37 +08:00:     at new Promise (<anonymous>) {
2026-06-11 01:00:37 +08:00:   code: 'EADDRINUSE',
2026-06-11 01:00:37 +08:00:   errno: -98,
2026-06-11 01:00:37 +08:00:   syscall: 'listen',
2026-06-11 01:00:37 +08:00:   address: '::',
2026-06-11 01:00:37 +08:00:   port: 3001
2026-06-11 01:00:37 +08:00: }
2026-06-11 01:00:38 +08:00: ⨯ Failed to start server
2026-06-11 01:00:38 +08:00: Error: listen EADDRINUSE: address already in use :::3001
2026-06-11 01:00:38 +08:00:     at <unknown> (Error: listen EADDRINUSE: address already in use :::3001)
2026-06-11 01:00:38 +08:00:     at new Promise (<anonymous>) {
2026-06-11 01:00:38 +08:00:   code: 'EADDRINUSE',
2026-06-11 01:00:38 +08:00:   errno: -98,
2026-06-11 01:00:38 +08:00:   syscall: 'listen',
2026-06-11 01:00:38 +08:00:   address: '::',
2026-06-11 01:00:38 +08:00:   port: 3001
2026-06-11 01:00:38 +08:00: }
2026-06-11 01:00:39 +08:00: ⨯ Failed to start server
2026-06-11 01:00:39 +08:00: Error: listen EADDRINUSE: address already in use :::3001
2026-06-11 01:00:39 +08:00:     at <unknown> (Error: listen EADDRINUSE: address already in use :::3001)
2026-06-11 01:00:39 +08:00:     at new Promise (<anonymous>) {
2026-06-11 01:00:39 +08:00:   code: 'EADDRINUSE',
2026-06-11 01:00:39 +08:00:   errno: -98,
2026-06-11 01:00:39 +08:00:   syscall: 'listen',
2026-06-11 01:00:39 +08:00:   address: '::',
2026-06-11 01:00:39 +08:00:   port: 3001
2026-06-11 01:00:39 +08:00: }
2026-06-11 01:00:40 +08:00: ⨯ Failed to start server
2026-06-11 01:00:40 +08:00: Error: listen EADDRINUSE: address already in use :::3001
2026-06-11 01:00:40 +08:00:     at <unknown> (Error: listen EADDRINUSE: address already in use :::3001)
2026-06-11 01:00:40 +08:00:     at new Promise (<anonymous>) {
2026-06-11 01:00:40 +08:00:   code: 'EADDRINUSE',
2026-06-11 01:00:40 +08:00:   errno: -98,
2026-06-11 01:00:40 +08:00:   syscall: 'listen',
2026-06-11 01:00:40 +08:00:   address: '::',
2026-06-11 01:00:40 +08:00:   port: 3001
2026-06-11 01:00:40 +08:00: }
2026-06-11 01:00:42 +08:00: ⨯ Failed to start server
2026-06-11 01:00:42 +08:00: Error: listen EADDRINUSE: address already in use :::3001
2026-06-11 01:00:42 +08:00:     at <unknown> (Error: listen EADDRINUSE: address already in use :::3001)
2026-06-11 01:00:42 +08:00:     at new Promise (<anonymous>) {
2026-06-11 01:00:42 +08:00:   code: 'EADDRINUSE',
2026-06-11 01:00:42 +08:00:   errno: -98,
2026-06-11 01:00:42 +08:00:   syscall: 'listen',
2026-06-11 01:00:42 +08:00:   address: '::',
2026-06-11 01:00:42 +08:00:   port: 3001
2026-06-11 01:00:42 +08:00: }
2026-06-11 01:00:45 +08:00: ⨯ Failed to start server
2026-06-11 01:00:45 +08:00: Error: listen EADDRINUSE: address already in use :::3001
2026-06-11 01:00:45 +08:00:     at <unknown> (Error: listen EADDRINUSE: address already in use :::3001)
2026-06-11 01:00:45 +08:00:     at new Promise (<anonymous>) {
2026-06-11 01:00:45 +08:00:   code: 'EADDRINUSE',
2026-06-11 01:00:45 +08:00:   errno: -98,
2026-06-11 01:00:45 +08:00:   syscall: 'listen',
2026-06-11 01:00:45 +08:00:   address: '::',
2026-06-11 01:00:45 +08:00:   port: 3001
2026-06-11 01:00:45 +08:00: }
2026-06-11 01:15:42 +08:00: ⨯ Failed to start server
2026-06-11 01:15:42 +08:00: Error: listen EADDRINUSE: address already in use :::3001
2026-06-11 01:15:42 +08:00:     at <unknown> (Error: listen EADDRINUSE: address already in use :::3001)
2026-06-11 01:15:42 +08:00:     at new Promise (<anonymous>) {
2026-06-11 01:15:42 +08:00:   code: 'EADDRINUSE',
2026-06-11 01:15:42 +08:00:   errno: -98,
2026-06-11 01:15:42 +08:00:   syscall: 'listen',
2026-06-11 01:15:42 +08:00:   address: '::',
2026-06-11 01:15:42 +08:00:   port: 3001
2026-06-11 01:15:42 +08:00: }
2026-06-11 01:15:42 +08:00: ⨯ Failed to start server
2026-06-11 01:15:42 +08:00: Error: listen EADDRINUSE: address already in use :::3001
2026-06-11 01:15:42 +08:00:     at <unknown> (Error: listen EADDRINUSE: address already in use :::3001)
2026-06-11 01:15:42 +08:00:     at new Promise (<anonymous>) {
2026-06-11 01:15:42 +08:00:   code: 'EADDRINUSE',
2026-06-11 01:15:42 +08:00:   errno: -98,
2026-06-11 01:15:42 +08:00:   syscall: 'listen',
2026-06-11 01:15:42 +08:00:   address: '::',
2026-06-11 01:15:42 +08:00:   port: 3001
2026-06-11 01:15:42 +08:00: }
2026-06-11 01:15:43 +08:00: ⨯ Failed to start server
2026-06-11 01:15:43 +08:00: Error: listen EADDRINUSE: address already in use :::3001
2026-06-11 01:15:43 +08:00:     at <unknown> (Error: listen EADDRINUSE: address already in use :::3001)
2026-06-11 01:15:43 +08:00:     at new Promise (<anonymous>) {
2026-06-11 01:15:43 +08:00:   code: 'EADDRINUSE',
2026-06-11 01:15:43 +08:00:   errno: -98,
2026-06-11 01:15:43 +08:00:   syscall: 'listen',
2026-06-11 01:15:43 +08:00:   address: '::',
2026-06-11 01:15:43 +08:00:   port: 3001
2026-06-11 01:15:43 +08:00: }
2026-06-11 01:15:44 +08:00: ⨯ Failed to start server
2026-06-11 01:15:44 +08:00: Error: listen EADDRINUSE: address already in use :::3001
2026-06-11 01:15:44 +08:00:     at <unknown> (Error: listen EADDRINUSE: address already in use :::3001)
2026-06-11 01:15:44 +08:00:     at new Promise (<anonymous>) {
2026-06-11 01:15:44 +08:00:   code: 'EADDRINUSE',
2026-06-11 01:15:44 +08:00:   errno: -98,
2026-06-11 01:15:44 +08:00:   syscall: 'listen',
2026-06-11 01:15:44 +08:00:   address: '::',
2026-06-11 01:15:44 +08:00:   port: 3001
2026-06-11 01:15:44 +08:00: }
2026-06-11 01:15:44 +08:00: ⨯ Failed to start server
2026-06-11 01:15:44 +08:00: Error: listen EADDRINUSE: address already in use :::3001
2026-06-11 01:15:44 +08:00:     at <unknown> (Error: listen EADDRINUSE: address already in use :::3001)
2026-06-11 01:15:44 +08:00:     at new Promise (<anonymous>) {
2026-06-11 01:15:44 +08:00:   code: 'EADDRINUSE',
2026-06-11 01:15:44 +08:00:   errno: -98,
2026-06-11 01:15:44 +08:00:   syscall: 'listen',
2026-06-11 01:15:44 +08:00:   address: '::',
2026-06-11 01:15:44 +08:00:   port: 3001
2026-06-11 01:15:44 +08:00: }
2026-06-11 01:15:45 +08:00: ⨯ Failed to start server
2026-06-11 01:15:45 +08:00: Error: listen EADDRINUSE: address already in use :::3001
2026-06-11 01:15:45 +08:00:     at <unknown> (Error: listen EADDRINUSE: address already in use :::3001)
2026-06-11 01:15:45 +08:00:     at new Promise (<anonymous>) {
2026-06-11 01:15:45 +08:00:   code: 'EADDRINUSE',
2026-06-11 01:15:45 +08:00:   errno: -98,
2026-06-11 01:15:45 +08:00:   syscall: 'listen',
2026-06-11 01:15:45 +08:00:   address: '::',
2026-06-11 01:15:45 +08:00:   port: 3001
2026-06-11 01:15:45 +08:00: }
2026-06-11 01:15:46 +08:00: ⨯ Failed to start server
2026-06-11 01:15:46 +08:00: Error: listen EADDRINUSE: address already in use :::3001
2026-06-11 01:15:46 +08:00:     at <unknown> (Error: listen EADDRINUSE: address already in use :::3001)
2026-06-11 01:15:46 +08:00:     at new Promise (<anonymous>) {
2026-06-11 01:15:46 +08:00:   code: 'EADDRINUSE',
2026-06-11 01:15:46 +08:00:   errno: -98,
2026-06-11 01:15:46 +08:00:   syscall: 'listen',
2026-06-11 01:15:46 +08:00:   address: '::',
2026-06-11 01:15:46 +08:00:   port: 3001
2026-06-11 01:15:46 +08:00: }
2026-06-11 01:15:48 +08:00: ⨯ Failed to start server
2026-06-11 01:15:48 +08:00: Error: listen EADDRINUSE: address already in use :::3001
2026-06-11 01:15:48 +08:00:     at <unknown> (Error: listen EADDRINUSE: address already in use :::3001)
2026-06-11 01:15:48 +08:00:     at new Promise (<anonymous>) {
2026-06-11 01:15:48 +08:00:   code: 'EADDRINUSE',
2026-06-11 01:15:48 +08:00:   errno: -98,
2026-06-11 01:15:48 +08:00:   syscall: 'listen',
2026-06-11 01:15:48 +08:00:   address: '::',
2026-06-11 01:15:48 +08:00:   port: 3001
2026-06-11 01:15:48 +08:00: }
2026-06-11 01:15:50 +08:00: ⨯ Failed to start server
2026-06-11 01:15:50 +08:00: Error: listen EADDRINUSE: address already in use :::3001
2026-06-11 01:15:50 +08:00:     at <unknown> (Error: listen EADDRINUSE: address already in use :::3001)
2026-06-11 01:15:50 +08:00:     at new Promise (<anonymous>) {
2026-06-11 01:15:50 +08:00:   code: 'EADDRINUSE',
2026-06-11 01:15:50 +08:00:   errno: -98,
2026-06-11 01:15:50 +08:00:   syscall: 'listen',
2026-06-11 01:15:50 +08:00:   address: '::',
2026-06-11 01:15:50 +08:00:   port: 3001
2026-06-11 01:15:50 +08:00: }
2026-06-11 01:15:53 +08:00: ⨯ Failed to start server
2026-06-11 01:15:53 +08:00: Error: listen EADDRINUSE: address already in use :::3001
2026-06-11 01:15:53 +08:00:     at <unknown> (Error: listen EADDRINUSE: address already in use :::3001)
2026-06-11 01:15:53 +08:00:     at new Promise (<anonymous>) {
2026-06-11 01:15:53 +08:00:   code: 'EADDRINUSE',
2026-06-11 01:15:53 +08:00:   errno: -98,
2026-06-11 01:15:53 +08:00:   syscall: 'listen',
2026-06-11 01:15:53 +08:00:   address: '::',
2026-06-11 01:15:53 +08:00:   port: 3001
2026-06-11 01:15:53 +08:00: }
2026-06-11 01:30:48 +08:00: ⨯ Failed to start server
2026-06-11 01:30:48 +08:00: Error: listen EADDRINUSE: address already in use :::3001
2026-06-11 01:30:48 +08:00:     at <unknown> (Error: listen EADDRINUSE: address already in use :::3001)
2026-06-11 01:30:48 +08:00:     at new Promise (<anonymous>) {
2026-06-11 01:30:48 +08:00:   code: 'EADDRINUSE',
2026-06-11 01:30:48 +08:00:   errno: -98,
2026-06-11 01:30:48 +08:00:   syscall: 'listen',
2026-06-11 01:30:48 +08:00:   address: '::',
2026-06-11 01:30:48 +08:00:   port: 3001
2026-06-11 01:30:48 +08:00: }
2026-06-11 01:30:49 +08:00: ⨯ Failed to start server
2026-06-11 01:30:49 +08:00: Error: listen EADDRINUSE: address already in use :::3001
2026-06-11 01:30:49 +08:00:     at <unknown> (Error: listen EADDRINUSE: address already in use :::3001)
2026-06-11 01:30:49 +08:00:     at new Promise (<anonymous>) {
2026-06-11 01:30:49 +08:00:   code: 'EADDRINUSE',
2026-06-11 01:30:49 +08:00:   errno: -98,
2026-06-11 01:30:49 +08:00:   syscall: 'listen',
2026-06-11 01:30:49 +08:00:   address: '::',
2026-06-11 01:30:49 +08:00:   port: 3001
2026-06-11 01:30:49 +08:00: }
2026-06-11 01:30:49 +08:00: ⨯ Failed to start server
2026-06-11 01:30:49 +08:00: Error: listen EADDRINUSE: address already in use :::3001
2026-06-11 01:30:49 +08:00:     at <unknown> (Error: listen EADDRINUSE: address already in use :::3001)
2026-06-11 01:30:49 +08:00:     at new Promise (<anonymous>) {
2026-06-11 01:30:49 +08:00:   code: 'EADDRINUSE',
2026-06-11 01:30:49 +08:00:   errno: -98,
2026-06-11 01:30:49 +08:00:   syscall: 'listen',
2026-06-11 01:30:49 +08:00:   address: '::',
2026-06-11 01:30:49 +08:00:   port: 3001
2026-06-11 01:30:49 +08:00: }
2026-06-11 01:30:50 +08:00: ⨯ Failed to start server
2026-06-11 01:30:50 +08:00: Error: listen EADDRINUSE: address already in use :::3001
2026-06-11 01:30:50 +08:00:     at <unknown> (Error: listen EADDRINUSE: address already in use :::3001)
2026-06-11 01:30:50 +08:00:     at new Promise (<anonymous>) {
2026-06-11 01:30:50 +08:00:   code: 'EADDRINUSE',
2026-06-11 01:30:50 +08:00:   errno: -98,
2026-06-11 01:30:50 +08:00:   syscall: 'listen',
2026-06-11 01:30:50 +08:00:   address: '::',
2026-06-11 01:30:50 +08:00:   port: 3001
2026-06-11 01:30:50 +08:00: }
2026-06-11 01:30:51 +08:00: ⨯ Failed to start server
2026-06-11 01:30:51 +08:00: Error: listen EADDRINUSE: address already in use :::3001
2026-06-11 01:30:51 +08:00:     at <unknown> (Error: listen EADDRINUSE: address already in use :::3001)
2026-06-11 01:30:51 +08:00:     at new Promise (<anonymous>) {
2026-06-11 01:30:51 +08:00:   code: 'EADDRINUSE',
2026-06-11 01:30:51 +08:00:   errno: -98,
2026-06-11 01:30:51 +08:00:   syscall: 'listen',
2026-06-11 01:30:51 +08:00:   address: '::',
2026-06-11 01:30:51 +08:00:   port: 3001
2026-06-11 01:30:51 +08:00: }
2026-06-11 01:30:52 +08:00: ⨯ Failed to start server
2026-06-11 01:30:52 +08:00: Error: listen EADDRINUSE: address already in use :::3001
2026-06-11 01:30:52 +08:00:     at <unknown> (Error: listen EADDRINUSE: address already in use :::3001)
2026-06-11 01:30:52 +08:00:     at new Promise (<anonymous>) {
2026-06-11 01:30:52 +08:00:   code: 'EADDRINUSE',
2026-06-11 01:30:52 +08:00:   errno: -98,
2026-06-11 01:30:52 +08:00:   syscall: 'listen',
2026-06-11 01:30:52 +08:00:   address: '::',
2026-06-11 01:30:52 +08:00:   port: 3001
2026-06-11 01:30:52 +08:00: }
2026-06-11 01:30:53 +08:00: ⨯ Failed to start server
2026-06-11 01:30:53 +08:00: Error: listen EADDRINUSE: address already in use :::3001
2026-06-11 01:30:53 +08:00:     at <unknown> (Error: listen EADDRINUSE: address already in use :::3001)
2026-06-11 01:30:53 +08:00:     at new Promise (<anonymous>) {
2026-06-11 01:30:53 +08:00:   code: 'EADDRINUSE',
2026-06-11 01:30:53 +08:00:   errno: -98,
2026-06-11 01:30:53 +08:00:   syscall: 'listen',
2026-06-11 01:30:53 +08:00:   address: '::',
2026-06-11 01:30:53 +08:00:   port: 3001
2026-06-11 01:30:53 +08:00: }
2026-06-11 01:30:54 +08:00: ⨯ Failed to start server
2026-06-11 01:30:54 +08:00: Error: listen EADDRINUSE: address already in use :::3001
2026-06-11 01:30:54 +08:00:     at <unknown> (Error: listen EADDRINUSE: address already in use :::3001)
2026-06-11 01:30:54 +08:00:     at new Promise (<anonymous>) {
2026-06-11 01:30:54 +08:00:   code: 'EADDRINUSE',
2026-06-11 01:30:54 +08:00:   errno: -98,
2026-06-11 01:30:54 +08:00:   syscall: 'listen',
2026-06-11 01:30:54 +08:00:   address: '::',
2026-06-11 01:30:54 +08:00:   port: 3001
2026-06-11 01:30:54 +08:00: }
2026-06-11 01:30:56 +08:00: ⨯ Failed to start server
2026-06-11 01:30:56 +08:00: Error: listen EADDRINUSE: address already in use :::3001
2026-06-11 01:30:56 +08:00:     at <unknown> (Error: listen EADDRINUSE: address already in use :::3001)
2026-06-11 01:30:56 +08:00:     at new Promise (<anonymous>) {
2026-06-11 01:30:56 +08:00:   code: 'EADDRINUSE',
2026-06-11 01:30:56 +08:00:   errno: -98,
2026-06-11 01:30:56 +08:00:   syscall: 'listen',
2026-06-11 01:30:56 +08:00:   address: '::',
2026-06-11 01:30:56 +08:00:   port: 3001
2026-06-11 01:30:56 +08:00: }
2026-06-11 01:30:59 +08:00: ⨯ Failed to start server
2026-06-11 01:30:59 +08:00: Error: listen EADDRINUSE: address already in use :::3001
2026-06-11 01:30:59 +08:00:     at <unknown> (Error: listen EADDRINUSE: address already in use :::3001)
2026-06-11 01:30:59 +08:00:     at new Promise (<anonymous>) {
2026-06-11 01:30:59 +08:00:   code: 'EADDRINUSE',
2026-06-11 01:30:59 +08:00:   errno: -98,
2026-06-11 01:30:59 +08:00:   syscall: 'listen',
2026-06-11 01:30:59 +08:00:   address: '::',
2026-06-11 01:30:59 +08:00:   port: 3001
2026-06-11 01:30:59 +08:00: }
2026-06-11 01:45:55 +08:00: ⨯ Failed to start server
2026-06-11 01:45:55 +08:00: Error: listen EADDRINUSE: address already in use :::3001
2026-06-11 01:45:55 +08:00:     at <unknown> (Error: listen EADDRINUSE: address already in use :::3001)
2026-06-11 01:45:55 +08:00:     at new Promise (<anonymous>) {
2026-06-11 01:45:55 +08:00:   code: 'EADDRINUSE',
2026-06-11 01:45:55 +08:00:   errno: -98,
2026-06-11 01:45:55 +08:00:   syscall: 'listen',
2026-06-11 01:45:55 +08:00:   address: '::',
2026-06-11 01:45:55 +08:00:   port: 3001
2026-06-11 01:45:55 +08:00: }
2026-06-11 01:45:55 +08:00: ⨯ Failed to start server
2026-06-11 01:45:55 +08:00: Error: listen EADDRINUSE: address already in use :::3001
2026-06-11 01:45:55 +08:00:     at <unknown> (Error: listen EADDRINUSE: address already in use :::3001)
2026-06-11 01:45:55 +08:00:     at new Promise (<anonymous>) {
2026-06-11 01:45:55 +08:00:   code: 'EADDRINUSE',
2026-06-11 01:45:55 +08:00:   errno: -98,
2026-06-11 01:45:55 +08:00:   syscall: 'listen',
2026-06-11 01:45:55 +08:00:   address: '::',
2026-06-11 01:45:55 +08:00:   port: 3001
2026-06-11 01:45:55 +08:00: }
2026-06-11 01:45:56 +08:00: ⨯ Failed to start server
2026-06-11 01:45:56 +08:00: Error: listen EADDRINUSE: address already in use :::3001
2026-06-11 01:45:56 +08:00:     at <unknown> (Error: listen EADDRINUSE: address already in use :::3001)
2026-06-11 01:45:56 +08:00:     at new Promise (<anonymous>) {
2026-06-11 01:45:56 +08:00:   code: 'EADDRINUSE',
2026-06-11 01:45:56 +08:00:   errno: -98,
2026-06-11 01:45:56 +08:00:   syscall: 'listen',
2026-06-11 01:45:56 +08:00:   address: '::',
2026-06-11 01:45:56 +08:00:   port: 3001
2026-06-11 01:45:56 +08:00: }
2026-06-11 01:45:56 +08:00: ⨯ Failed to start server
2026-06-11 01:45:56 +08:00: Error: listen EADDRINUSE: address already in use :::3001
2026-06-11 01:45:56 +08:00:     at <unknown> (Error: listen EADDRINUSE: address already in use :::3001)
2026-06-11 01:45:56 +08:00:     at new Promise (<anonymous>) {
2026-06-11 01:45:56 +08:00:   code: 'EADDRINUSE',
2026-06-11 01:45:56 +08:00:   errno: -98,
2026-06-11 01:45:56 +08:00:   syscall: 'listen',
2026-06-11 01:45:56 +08:00:   address: '::',
2026-06-11 01:45:56 +08:00:   port: 3001
2026-06-11 01:45:56 +08:00: }
2026-06-11 01:45:57 +08:00: ⨯ Failed to start server
2026-06-11 01:45:57 +08:00: Error: listen EADDRINUSE: address already in use :::3001
2026-06-11 01:45:57 +08:00:     at <unknown> (Error: listen EADDRINUSE: address already in use :::3001)
2026-06-11 01:45:57 +08:00:     at new Promise (<anonymous>) {
2026-06-11 01:45:57 +08:00:   code: 'EADDRINUSE',
2026-06-11 01:45:57 +08:00:   errno: -98,
2026-06-11 01:45:57 +08:00:   syscall: 'listen',
2026-06-11 01:45:57 +08:00:   address: '::',
2026-06-11 01:45:57 +08:00:   port: 3001
2026-06-11 01:45:57 +08:00: }
2026-06-11 01:45:58 +08:00: ⨯ Failed to start server
2026-06-11 01:45:58 +08:00: Error: listen EADDRINUSE: address already in use :::3001
2026-06-11 01:45:58 +08:00:     at <unknown> (Error: listen EADDRINUSE: address already in use :::3001)
2026-06-11 01:45:58 +08:00:     at new Promise (<anonymous>) {
2026-06-11 01:45:58 +08:00:   code: 'EADDRINUSE',
2026-06-11 01:45:58 +08:00:   errno: -98,
2026-06-11 01:45:58 +08:00:   syscall: 'listen',
2026-06-11 01:45:58 +08:00:   address: '::',
2026-06-11 01:45:58 +08:00:   port: 3001
2026-06-11 01:45:58 +08:00: }
2026-06-11 01:45:59 +08:00: ⨯ Failed to start server
2026-06-11 01:45:59 +08:00: Error: listen EADDRINUSE: address already in use :::3001
2026-06-11 01:45:59 +08:00:     at <unknown> (Error: listen EADDRINUSE: address already in use :::3001)
2026-06-11 01:45:59 +08:00:     at new Promise (<anonymous>) {
2026-06-11 01:45:59 +08:00:   code: 'EADDRINUSE',
2026-06-11 01:45:59 +08:00:   errno: -98,
2026-06-11 01:45:59 +08:00:   syscall: 'listen',
2026-06-11 01:45:59 +08:00:   address: '::',
2026-06-11 01:45:59 +08:00:   port: 3001
2026-06-11 01:45:59 +08:00: }
2026-06-11 01:46:01 +08:00: ⨯ Failed to start server
2026-06-11 01:46:01 +08:00: Error: listen EADDRINUSE: address already in use :::3001
2026-06-11 01:46:01 +08:00:     at <unknown> (Error: listen EADDRINUSE: address already in use :::3001)
2026-06-11 01:46:01 +08:00:     at new Promise (<anonymous>) {
2026-06-11 01:46:01 +08:00:   code: 'EADDRINUSE',
2026-06-11 01:46:01 +08:00:   errno: -98,
2026-06-11 01:46:01 +08:00:   syscall: 'listen',
2026-06-11 01:46:01 +08:00:   address: '::',
2026-06-11 01:46:01 +08:00:   port: 3001
2026-06-11 01:46:01 +08:00: }
2026-06-11 01:46:03 +08:00: ⨯ Failed to start server
2026-06-11 01:46:03 +08:00: Error: listen EADDRINUSE: address already in use :::3001
2026-06-11 01:46:03 +08:00:     at <unknown> (Error: listen EADDRINUSE: address already in use :::3001)
2026-06-11 01:46:03 +08:00:     at new Promise (<anonymous>) {
2026-06-11 01:46:03 +08:00:   code: 'EADDRINUSE',
2026-06-11 01:46:03 +08:00:   errno: -98,
2026-06-11 01:46:03 +08:00:   syscall: 'listen',
2026-06-11 01:46:03 +08:00:   address: '::',
2026-06-11 01:46:03 +08:00:   port: 3001
2026-06-11 01:46:03 +08:00: }
2026-06-11 01:46:06 +08:00: ⨯ Failed to start server
2026-06-11 01:46:06 +08:00: Error: listen EADDRINUSE: address already in use :::3001
2026-06-11 01:46:06 +08:00:     at <unknown> (Error: listen EADDRINUSE: address already in use :::3001)
2026-06-11 01:46:06 +08:00:     at new Promise (<anonymous>) {
2026-06-11 01:46:06 +08:00:   code: 'EADDRINUSE',
2026-06-11 01:46:06 +08:00:   errno: -98,
2026-06-11 01:46:06 +08:00:   syscall: 'listen',
2026-06-11 01:46:06 +08:00:   address: '::',
2026-06-11 01:46:06 +08:00:   port: 3001
2026-06-11 01:46:06 +08:00: }
2026-06-11 02:00:01 +08:00: ⨯ Failed to start server
2026-06-11 02:00:01 +08:00: Error: listen EADDRINUSE: address already in use :::3001
2026-06-11 02:00:01 +08:00:     at <unknown> (Error: listen EADDRINUSE: address already in use :::3001)
2026-06-11 02:00:01 +08:00:     at new Promise (<anonymous>) {
2026-06-11 02:00:01 +08:00:   code: 'EADDRINUSE',
2026-06-11 02:00:01 +08:00:   errno: -98,
2026-06-11 02:00:01 +08:00:   syscall: 'listen',
2026-06-11 02:00:01 +08:00:   address: '::',
2026-06-11 02:00:01 +08:00:   port: 3001
2026-06-11 02:00:01 +08:00: }
2026-06-11 02:00:02 +08:00: ⨯ Failed to start server
2026-06-11 02:00:02 +08:00: Error: listen EADDRINUSE: address already in use :::3001
2026-06-11 02:00:02 +08:00:     at <unknown> (Error: listen EADDRINUSE: address already in use :::3001)
2026-06-11 02:00:02 +08:00:     at new Promise (<anonymous>) {
2026-06-11 02:00:02 +08:00:   code: 'EADDRINUSE',
2026-06-11 02:00:02 +08:00:   errno: -98,
2026-06-11 02:00:02 +08:00:   syscall: 'listen',
2026-06-11 02:00:02 +08:00:   address: '::',
2026-06-11 02:00:02 +08:00:   port: 3001
2026-06-11 02:00:02 +08:00: }
2026-06-11 02:00:02 +08:00: ⨯ Failed to start server
2026-06-11 02:00:02 +08:00: Error: listen EADDRINUSE: address already in use :::3001
2026-06-11 02:00:02 +08:00:     at <unknown> (Error: listen EADDRINUSE: address already in use :::3001)
2026-06-11 02:00:02 +08:00:     at new Promise (<anonymous>) {
2026-06-11 02:00:02 +08:00:   code: 'EADDRINUSE',
2026-06-11 02:00:02 +08:00:   errno: -98,
2026-06-11 02:00:02 +08:00:   syscall: 'listen',
2026-06-11 02:00:02 +08:00:   address: '::',
2026-06-11 02:00:02 +08:00:   port: 3001
2026-06-11 02:00:02 +08:00: }
2026-06-11 02:00:03 +08:00: ⨯ Failed to start server
2026-06-11 02:00:03 +08:00: Error: listen EADDRINUSE: address already in use :::3001
2026-06-11 02:00:03 +08:00:     at <unknown> (Error: listen EADDRINUSE: address already in use :::3001)
2026-06-11 02:00:03 +08:00:     at new Promise (<anonymous>) {
2026-06-11 02:00:03 +08:00:   code: 'EADDRINUSE',
2026-06-11 02:00:03 +08:00:   errno: -98,
2026-06-11 02:00:03 +08:00:   syscall: 'listen',
2026-06-11 02:00:03 +08:00:   address: '::',
2026-06-11 02:00:03 +08:00:   port: 3001
2026-06-11 02:00:03 +08:00: }
2026-06-11 02:00:04 +08:00: ⨯ Failed to start server
2026-06-11 02:00:04 +08:00: Error: listen EADDRINUSE: address already in use :::3001
2026-06-11 02:00:04 +08:00:     at <unknown> (Error: listen EADDRINUSE: address already in use :::3001)
2026-06-11 02:00:04 +08:00:     at new Promise (<anonymous>) {
2026-06-11 02:00:04 +08:00:   code: 'EADDRINUSE',
2026-06-11 02:00:04 +08:00:   errno: -98,
2026-06-11 02:00:04 +08:00:   syscall: 'listen',
2026-06-11 02:00:04 +08:00:   address: '::',
2026-06-11 02:00:04 +08:00:   port: 3001
2026-06-11 02:00:04 +08:00: }
2026-06-11 02:00:05 +08:00: ⨯ Failed to start server
2026-06-11 02:00:05 +08:00: Error: listen EADDRINUSE: address already in use :::3001
2026-06-11 02:00:05 +08:00:     at <unknown> (Error: listen EADDRINUSE: address already in use :::3001)
2026-06-11 02:00:05 +08:00:     at new Promise (<anonymous>) {
2026-06-11 02:00:05 +08:00:   code: 'EADDRINUSE',
2026-06-11 02:00:05 +08:00:   errno: -98,
2026-06-11 02:00:05 +08:00:   syscall: 'listen',
2026-06-11 02:00:05 +08:00:   address: '::',
2026-06-11 02:00:05 +08:00:   port: 3001
2026-06-11 02:00:05 +08:00: }
2026-06-11 02:00:06 +08:00: ⨯ Failed to start server
2026-06-11 02:00:06 +08:00: Error: listen EADDRINUSE: address already in use :::3001
2026-06-11 02:00:06 +08:00:     at <unknown> (Error: listen EADDRINUSE: address already in use :::3001)
2026-06-11 02:00:06 +08:00:     at new Promise (<anonymous>) {
2026-06-11 02:00:06 +08:00:   code: 'EADDRINUSE',
2026-06-11 02:00:06 +08:00:   errno: -98,
2026-06-11 02:00:06 +08:00:   syscall: 'listen',
2026-06-11 02:00:06 +08:00:   address: '::',
2026-06-11 02:00:06 +08:00:   port: 3001
2026-06-11 02:00:06 +08:00: }
2026-06-11 02:00:07 +08:00: ⨯ Failed to start server
2026-06-11 02:00:07 +08:00: Error: listen EADDRINUSE: address already in use :::3001
2026-06-11 02:00:07 +08:00:     at <unknown> (Error: listen EADDRINUSE: address already in use :::3001)
2026-06-11 02:00:07 +08:00:     at new Promise (<anonymous>) {
2026-06-11 02:00:07 +08:00:   code: 'EADDRINUSE',
2026-06-11 02:00:07 +08:00:   errno: -98,
2026-06-11 02:00:07 +08:00:   syscall: 'listen',
2026-06-11 02:00:07 +08:00:   address: '::',
2026-06-11 02:00:07 +08:00:   port: 3001
2026-06-11 02:00:07 +08:00: }
2026-06-11 02:00:09 +08:00: ⨯ Failed to start server
2026-06-11 02:00:09 +08:00: Error: listen EADDRINUSE: address already in use :::3001
2026-06-11 02:00:09 +08:00:     at <unknown> (Error: listen EADDRINUSE: address already in use :::3001)
2026-06-11 02:00:09 +08:00:     at new Promise (<anonymous>) {
2026-06-11 02:00:09 +08:00:   code: 'EADDRINUSE',
2026-06-11 02:00:09 +08:00:   errno: -98,
2026-06-11 02:00:09 +08:00:   syscall: 'listen',
2026-06-11 02:00:09 +08:00:   address: '::',
2026-06-11 02:00:09 +08:00:   port: 3001
2026-06-11 02:00:09 +08:00: }
2026-06-11 02:00:12 +08:00: ⨯ Failed to start server
2026-06-11 02:00:12 +08:00: Error: listen EADDRINUSE: address already in use :::3001
2026-06-11 02:00:12 +08:00:     at <unknown> (Error: listen EADDRINUSE: address already in use :::3001)
2026-06-11 02:00:12 +08:00:     at new Promise (<anonymous>) {
2026-06-11 02:00:12 +08:00:   code: 'EADDRINUSE',
2026-06-11 02:00:12 +08:00:   errno: -98,
2026-06-11 02:00:12 +08:00:   syscall: 'listen',
2026-06-11 02:00:12 +08:00:   address: '::',
2026-06-11 02:00:12 +08:00:   port: 3001
2026-06-11 02:00:12 +08:00: }
2026-06-11 02:15:09 +08:00: ⨯ Failed to start server
2026-06-11 02:15:09 +08:00: Error: listen EADDRINUSE: address already in use :::3001
2026-06-11 02:15:09 +08:00:     at <unknown> (Error: listen EADDRINUSE: address already in use :::3001)
2026-06-11 02:15:09 +08:00:     at new Promise (<anonymous>) {
2026-06-11 02:15:09 +08:00:   code: 'EADDRINUSE',
2026-06-11 02:15:09 +08:00:   errno: -98,
2026-06-11 02:15:09 +08:00:   syscall: 'listen',
2026-06-11 02:15:09 +08:00:   address: '::',
2026-06-11 02:15:09 +08:00:   port: 3001
2026-06-11 02:15:09 +08:00: }
2026-06-11 02:15:09 +08:00: ⨯ Failed to start server
2026-06-11 02:15:09 +08:00: Error: listen EADDRINUSE: address already in use :::3001
2026-06-11 02:15:09 +08:00:     at <unknown> (Error: listen EADDRINUSE: address already in use :::3001)
2026-06-11 02:15:09 +08:00:     at new Promise (<anonymous>) {
2026-06-11 02:15:09 +08:00:   code: 'EADDRINUSE',
2026-06-11 02:15:09 +08:00:   errno: -98,
2026-06-11 02:15:09 +08:00:   syscall: 'listen',
2026-06-11 02:15:09 +08:00:   address: '::',
2026-06-11 02:15:09 +08:00:   port: 3001
2026-06-11 02:15:09 +08:00: }
2026-06-11 02:15:10 +08:00: ⨯ Failed to start server
2026-06-11 02:15:10 +08:00: Error: listen EADDRINUSE: address already in use :::3001
2026-06-11 02:15:10 +08:00:     at <unknown> (Error: listen EADDRINUSE: address already in use :::3001)
2026-06-11 02:15:10 +08:00:     at new Promise (<anonymous>) {
2026-06-11 02:15:10 +08:00:   code: 'EADDRINUSE',
2026-06-11 02:15:10 +08:00:   errno: -98,
2026-06-11 02:15:10 +08:00:   syscall: 'listen',
2026-06-11 02:15:10 +08:00:   address: '::',
2026-06-11 02:15:10 +08:00:   port: 3001
2026-06-11 02:15:10 +08:00: }
2026-06-11 02:15:11 +08:00: ⨯ Failed to start server
2026-06-11 02:15:11 +08:00: Error: listen EADDRINUSE: address already in use :::3001
2026-06-11 02:15:11 +08:00:     at <unknown> (Error: listen EADDRINUSE: address already in use :::3001)
2026-06-11 02:15:11 +08:00:     at new Promise (<anonymous>) {
2026-06-11 02:15:11 +08:00:   code: 'EADDRINUSE',
2026-06-11 02:15:11 +08:00:   errno: -98,
2026-06-11 02:15:11 +08:00:   syscall: 'listen',
2026-06-11 02:15:11 +08:00:   address: '::',
2026-06-11 02:15:11 +08:00:   port: 3001
2026-06-11 02:15:11 +08:00: }
2026-06-11 02:15:11 +08:00: ⨯ Failed to start server
2026-06-11 02:15:11 +08:00: Error: listen EADDRINUSE: address already in use :::3001
2026-06-11 02:15:11 +08:00:     at <unknown> (Error: listen EADDRINUSE: address already in use :::3001)
2026-06-11 02:15:11 +08:00:     at new Promise (<anonymous>) {
2026-06-11 02:15:11 +08:00:   code: 'EADDRINUSE',
2026-06-11 02:15:11 +08:00:   errno: -98,
2026-06-11 02:15:11 +08:00:   syscall: 'listen',
2026-06-11 02:15:11 +08:00:   address: '::',
2026-06-11 02:15:11 +08:00:   port: 3001
2026-06-11 02:15:11 +08:00: }
2026-06-11 02:15:12 +08:00: ⨯ Failed to start server
2026-06-11 02:15:12 +08:00: Error: listen EADDRINUSE: address already in use :::3001
2026-06-11 02:15:12 +08:00:     at <unknown> (Error: listen EADDRINUSE: address already in use :::3001)
2026-06-11 02:15:12 +08:00:     at new Promise (<anonymous>) {
2026-06-11 02:15:12 +08:00:   code: 'EADDRINUSE',
2026-06-11 02:15:12 +08:00:   errno: -98,
2026-06-11 02:15:12 +08:00:   syscall: 'listen',
2026-06-11 02:15:12 +08:00:   address: '::',
2026-06-11 02:15:12 +08:00:   port: 3001
2026-06-11 02:15:12 +08:00: }
2026-06-11 02:15:13 +08:00: ⨯ Failed to start server
2026-06-11 02:15:13 +08:00: Error: listen EADDRINUSE: address already in use :::3001
2026-06-11 02:15:13 +08:00:     at <unknown> (Error: listen EADDRINUSE: address already in use :::3001)
2026-06-11 02:15:13 +08:00:     at new Promise (<anonymous>) {
2026-06-11 02:15:13 +08:00:   code: 'EADDRINUSE',
2026-06-11 02:15:13 +08:00:   errno: -98,
2026-06-11 02:15:13 +08:00:   syscall: 'listen',
2026-06-11 02:15:13 +08:00:   address: '::',
2026-06-11 02:15:13 +08:00:   port: 3001
2026-06-11 02:15:13 +08:00: }
2026-06-11 02:15:15 +08:00: ⨯ Failed to start server
2026-06-11 02:15:15 +08:00: Error: listen EADDRINUSE: address already in use :::3001
2026-06-11 02:15:15 +08:00:     at <unknown> (Error: listen EADDRINUSE: address already in use :::3001)
2026-06-11 02:15:15 +08:00:     at new Promise (<anonymous>) {
2026-06-11 02:15:15 +08:00:   code: 'EADDRINUSE',
2026-06-11 02:15:15 +08:00:   errno: -98,
2026-06-11 02:15:15 +08:00:   syscall: 'listen',
2026-06-11 02:15:15 +08:00:   address: '::',
2026-06-11 02:15:15 +08:00:   port: 3001
2026-06-11 02:15:15 +08:00: }
2026-06-11 02:15:17 +08:00: ⨯ Failed to start server
2026-06-11 02:15:17 +08:00: Error: listen EADDRINUSE: address already in use :::3001
2026-06-11 02:15:17 +08:00:     at <unknown> (Error: listen EADDRINUSE: address already in use :::3001)
2026-06-11 02:15:17 +08:00:     at new Promise (<anonymous>) {
2026-06-11 02:15:17 +08:00:   code: 'EADDRINUSE',
2026-06-11 02:15:17 +08:00:   errno: -98,
2026-06-11 02:15:17 +08:00:   syscall: 'listen',
2026-06-11 02:15:17 +08:00:   address: '::',
2026-06-11 02:15:17 +08:00:   port: 3001
2026-06-11 02:15:17 +08:00: }
2026-06-11 02:15:20 +08:00: ⨯ Failed to start server
2026-06-11 02:15:20 +08:00: Error: listen EADDRINUSE: address already in use :::3001
2026-06-11 02:15:20 +08:00:     at <unknown> (Error: listen EADDRINUSE: address already in use :::3001)
2026-06-11 02:15:20 +08:00:     at new Promise (<anonymous>) {
2026-06-11 02:15:20 +08:00:   code: 'EADDRINUSE',
2026-06-11 02:15:20 +08:00:   errno: -98,
2026-06-11 02:15:20 +08:00:   syscall: 'listen',
2026-06-11 02:15:20 +08:00:   address: '::',
2026-06-11 02:15:20 +08:00:   port: 3001
2026-06-11 02:15:20 +08:00: }
2026-06-11 02:30:16 +08:00: ⨯ Failed to start server
2026-06-11 02:30:16 +08:00: Error: listen EADDRINUSE: address already in use :::3001
2026-06-11 02:30:16 +08:00:     at <unknown> (Error: listen EADDRINUSE: address already in use :::3001)
2026-06-11 02:30:16 +08:00:     at new Promise (<anonymous>) {
2026-06-11 02:30:16 +08:00:   code: 'EADDRINUSE',
2026-06-11 02:30:16 +08:00:   errno: -98,
2026-06-11 02:30:16 +08:00:   syscall: 'listen',
2026-06-11 02:30:16 +08:00:   address: '::',
2026-06-11 02:30:16 +08:00:   port: 3001
2026-06-11 02:30:16 +08:00: }
2026-06-11 02:30:17 +08:00: ⨯ Failed to start server
2026-06-11 02:30:17 +08:00: Error: listen EADDRINUSE: address already in use :::3001
2026-06-11 02:30:17 +08:00:     at <unknown> (Error: listen EADDRINUSE: address already in use :::3001)
2026-06-11 02:30:17 +08:00:     at new Promise (<anonymous>) {
2026-06-11 02:30:17 +08:00:   code: 'EADDRINUSE',
2026-06-11 02:30:17 +08:00:   errno: -98,
2026-06-11 02:30:17 +08:00:   syscall: 'listen',
2026-06-11 02:30:17 +08:00:   address: '::',
2026-06-11 02:30:17 +08:00:   port: 3001
2026-06-11 02:30:17 +08:00: }
2026-06-11 02:30:18 +08:00: ⨯ Failed to start server
2026-06-11 02:30:18 +08:00: Error: listen EADDRINUSE: address already in use :::3001
2026-06-11 02:30:18 +08:00:     at <unknown> (Error: listen EADDRINUSE: address already in use :::3001)
2026-06-11 02:30:18 +08:00:     at new Promise (<anonymous>) {
2026-06-11 02:30:18 +08:00:   code: 'EADDRINUSE',
2026-06-11 02:30:18 +08:00:   errno: -98,
2026-06-11 02:30:18 +08:00:   syscall: 'listen',
2026-06-11 02:30:18 +08:00:   address: '::',
2026-06-11 02:30:18 +08:00:   port: 3001
2026-06-11 02:30:18 +08:00: }
2026-06-11 02:30:19 +08:00: ⨯ Failed to start server
2026-06-11 02:30:19 +08:00: Error: listen EADDRINUSE: address already in use :::3001
2026-06-11 02:30:19 +08:00:     at <unknown> (Error: listen EADDRINUSE: address already in use :::3001)
2026-06-11 02:30:19 +08:00:     at new Promise (<anonymous>) {
2026-06-11 02:30:19 +08:00:   code: 'EADDRINUSE',
2026-06-11 02:30:19 +08:00:   errno: -98,
2026-06-11 02:30:19 +08:00:   syscall: 'listen',
2026-06-11 02:30:19 +08:00:   address: '::',
2026-06-11 02:30:19 +08:00:   port: 3001
2026-06-11 02:30:19 +08:00: }
2026-06-11 02:30:20 +08:00: ⨯ Failed to start server
2026-06-11 02:30:20 +08:00: Error: listen EADDRINUSE: address already in use :::3001
2026-06-11 02:30:20 +08:00:     at <unknown> (Error: listen EADDRINUSE: address already in use :::3001)
2026-06-11 02:30:20 +08:00:     at new Promise (<anonymous>) {
2026-06-11 02:30:20 +08:00:   code: 'EADDRINUSE',
2026-06-11 02:30:20 +08:00:   errno: -98,
2026-06-11 02:30:20 +08:00:   syscall: 'listen',
2026-06-11 02:30:20 +08:00:   address: '::',
2026-06-11 02:30:20 +08:00:   port: 3001
2026-06-11 02:30:20 +08:00: }
2026-06-11 02:30:21 +08:00: ⨯ Failed to start server
2026-06-11 02:30:21 +08:00: Error: listen EADDRINUSE: address already in use :::3001
2026-06-11 02:30:21 +08:00:     at <unknown> (Error: listen EADDRINUSE: address already in use :::3001)
2026-06-11 02:30:21 +08:00:     at new Promise (<anonymous>) {
2026-06-11 02:30:21 +08:00:   code: 'EADDRINUSE',
2026-06-11 02:30:21 +08:00:   errno: -98,
2026-06-11 02:30:21 +08:00:   syscall: 'listen',
2026-06-11 02:30:21 +08:00:   address: '::',
2026-06-11 02:30:21 +08:00:   port: 3001
2026-06-11 02:30:21 +08:00: }
2026-06-11 02:30:22 +08:00: ⨯ Failed to start server
2026-06-11 02:30:22 +08:00: Error: listen EADDRINUSE: address already in use :::3001
2026-06-11 02:30:22 +08:00:     at <unknown> (Error: listen EADDRINUSE: address already in use :::3001)
2026-06-11 02:30:22 +08:00:     at new Promise (<anonymous>) {
2026-06-11 02:30:22 +08:00:   code: 'EADDRINUSE',
2026-06-11 02:30:22 +08:00:   errno: -98,
2026-06-11 02:30:22 +08:00:   syscall: 'listen',
2026-06-11 02:30:22 +08:00:   address: '::',
2026-06-11 02:30:22 +08:00:   port: 3001
2026-06-11 02:30:22 +08:00: }
2026-06-11 02:30:24 +08:00: ⨯ Failed to start server
2026-06-11 02:30:24 +08:00: Error: listen EADDRINUSE: address already in use :::3001
2026-06-11 02:30:24 +08:00:     at <unknown> (Error: listen EADDRINUSE: address already in use :::3001)
2026-06-11 02:30:24 +08:00:     at new Promise (<anonymous>) {
2026-06-11 02:30:24 +08:00:   code: 'EADDRINUSE',
2026-06-11 02:30:24 +08:00:   errno: -98,
2026-06-11 02:30:24 +08:00:   syscall: 'listen',
2026-06-11 02:30:24 +08:00:   address: '::',
2026-06-11 02:30:24 +08:00:   port: 3001
2026-06-11 02:30:24 +08:00: }
2026-06-11 02:30:26 +08:00: ⨯ Failed to start server
2026-06-11 02:30:26 +08:00: Error: listen EADDRINUSE: address already in use :::3001
2026-06-11 02:30:26 +08:00:     at <unknown> (Error: listen EADDRINUSE: address already in use :::3001)
2026-06-11 02:30:26 +08:00:     at new Promise (<anonymous>) {
2026-06-11 02:30:26 +08:00:   code: 'EADDRINUSE',
2026-06-11 02:30:26 +08:00:   errno: -98,
2026-06-11 02:30:26 +08:00:   syscall: 'listen',
2026-06-11 02:30:26 +08:00:   address: '::',
2026-06-11 02:30:26 +08:00:   port: 3001
2026-06-11 02:30:26 +08:00: }
2026-06-11 02:30:29 +08:00: ⨯ Failed to start server
2026-06-11 02:30:29 +08:00: Error: listen EADDRINUSE: address already in use :::3001
2026-06-11 02:30:29 +08:00:     at <unknown> (Error: listen EADDRINUSE: address already in use :::3001)
2026-06-11 02:30:29 +08:00:     at new Promise (<anonymous>) {
2026-06-11 02:30:29 +08:00:   code: 'EADDRINUSE',
2026-06-11 02:30:29 +08:00:   errno: -98,
2026-06-11 02:30:29 +08:00:   syscall: 'listen',
2026-06-11 02:30:29 +08:00:   address: '::',
2026-06-11 02:30:29 +08:00:   port: 3001
2026-06-11 02:30:29 +08:00: }
2026-06-11 02:45:24 +08:00: ⨯ Failed to start server
2026-06-11 02:45:24 +08:00: Error: listen EADDRINUSE: address already in use :::3001
2026-06-11 02:45:24 +08:00:     at <unknown> (Error: listen EADDRINUSE: address already in use :::3001)
2026-06-11 02:45:24 +08:00:     at new Promise (<anonymous>) {
2026-06-11 02:45:24 +08:00:   code: 'EADDRINUSE',
2026-06-11 02:45:24 +08:00:   errno: -98,
2026-06-11 02:45:24 +08:00:   syscall: 'listen',
2026-06-11 02:45:24 +08:00:   address: '::',
2026-06-11 02:45:24 +08:00:   port: 3001
2026-06-11 02:45:24 +08:00: }
2026-06-11 02:45:24 +08:00: ⨯ Failed to start server
2026-06-11 02:45:24 +08:00: Error: listen EADDRINUSE: address already in use :::3001
2026-06-11 02:45:24 +08:00:     at <unknown> (Error: listen EADDRINUSE: address already in use :::3001)
2026-06-11 02:45:24 +08:00:     at new Promise (<anonymous>) {
2026-06-11 02:45:24 +08:00:   code: 'EADDRINUSE',
2026-06-11 02:45:24 +08:00:   errno: -98,
2026-06-11 02:45:24 +08:00:   syscall: 'listen',
2026-06-11 02:45:24 +08:00:   address: '::',
2026-06-11 02:45:24 +08:00:   port: 3001
2026-06-11 02:45:24 +08:00: }
2026-06-11 02:45:25 +08:00: ⨯ Failed to start server
2026-06-11 02:45:25 +08:00: Error: listen EADDRINUSE: address already in use :::3001
2026-06-11 02:45:25 +08:00:     at <unknown> (Error: listen EADDRINUSE: address already in use :::3001)
2026-06-11 02:45:25 +08:00:     at new Promise (<anonymous>) {
2026-06-11 02:45:25 +08:00:   code: 'EADDRINUSE',
2026-06-11 02:45:25 +08:00:   errno: -98,
2026-06-11 02:45:25 +08:00:   syscall: 'listen',
2026-06-11 02:45:25 +08:00:   address: '::',
2026-06-11 02:45:25 +08:00:   port: 3001
2026-06-11 02:45:25 +08:00: }
2026-06-11 02:45:25 +08:00: ⨯ Failed to start server
2026-06-11 02:45:25 +08:00: Error: listen EADDRINUSE: address already in use :::3001
2026-06-11 02:45:25 +08:00:     at <unknown> (Error: listen EADDRINUSE: address already in use :::3001)
2026-06-11 02:45:25 +08:00:     at new Promise (<anonymous>) {
2026-06-11 02:45:25 +08:00:   code: 'EADDRINUSE',
2026-06-11 02:45:25 +08:00:   errno: -98,
2026-06-11 02:45:25 +08:00:   syscall: 'listen',
2026-06-11 02:45:25 +08:00:   address: '::',
2026-06-11 02:45:25 +08:00:   port: 3001
2026-06-11 02:45:25 +08:00: }
2026-06-11 02:45:26 +08:00: ⨯ Failed to start server
2026-06-11 02:45:26 +08:00: Error: listen EADDRINUSE: address already in use :::3001
2026-06-11 02:45:26 +08:00:     at <unknown> (Error: listen EADDRINUSE: address already in use :::3001)
2026-06-11 02:45:26 +08:00:     at new Promise (<anonymous>) {
2026-06-11 02:45:26 +08:00:   code: 'EADDRINUSE',
2026-06-11 02:45:26 +08:00:   errno: -98,
2026-06-11 02:45:26 +08:00:   syscall: 'listen',
2026-06-11 02:45:26 +08:00:   address: '::',
2026-06-11 02:45:26 +08:00:   port: 3001
2026-06-11 02:45:26 +08:00: }
2026-06-11 02:45:27 +08:00: ⨯ Failed to start server
2026-06-11 02:45:27 +08:00: Error: listen EADDRINUSE: address already in use :::3001
2026-06-11 02:45:27 +08:00:     at <unknown> (Error: listen EADDRINUSE: address already in use :::3001)
2026-06-11 02:45:27 +08:00:     at new Promise (<anonymous>) {
2026-06-11 02:45:27 +08:00:   code: 'EADDRINUSE',
2026-06-11 02:45:27 +08:00:   errno: -98,
2026-06-11 02:45:27 +08:00:   syscall: 'listen',
2026-06-11 02:45:27 +08:00:   address: '::',
2026-06-11 02:45:27 +08:00:   port: 3001
2026-06-11 02:45:27 +08:00: }
2026-06-11 02:45:28 +08:00: ⨯ Failed to start server
2026-06-11 02:45:28 +08:00: Error: listen EADDRINUSE: address already in use :::3001
2026-06-11 02:45:28 +08:00:     at <unknown> (Error: listen EADDRINUSE: address already in use :::3001)
2026-06-11 02:45:28 +08:00:     at new Promise (<anonymous>) {
2026-06-11 02:45:28 +08:00:   code: 'EADDRINUSE',
2026-06-11 02:45:28 +08:00:   errno: -98,
2026-06-11 02:45:28 +08:00:   syscall: 'listen',
2026-06-11 02:45:28 +08:00:   address: '::',
2026-06-11 02:45:28 +08:00:   port: 3001
2026-06-11 02:45:28 +08:00: }
2026-06-11 02:45:30 +08:00: ⨯ Failed to start server
2026-06-11 02:45:30 +08:00: Error: listen EADDRINUSE: address already in use :::3001
2026-06-11 02:45:30 +08:00:     at <unknown> (Error: listen EADDRINUSE: address already in use :::3001)
2026-06-11 02:45:30 +08:00:     at new Promise (<anonymous>) {
2026-06-11 02:45:30 +08:00:   code: 'EADDRINUSE',
2026-06-11 02:45:30 +08:00:   errno: -98,
2026-06-11 02:45:30 +08:00:   syscall: 'listen',
2026-06-11 02:45:30 +08:00:   address: '::',
2026-06-11 02:45:30 +08:00:   port: 3001
2026-06-11 02:45:30 +08:00: }
2026-06-11 02:45:32 +08:00: ⨯ Failed to start server
2026-06-11 02:45:32 +08:00: Error: listen EADDRINUSE: address already in use :::3001
2026-06-11 02:45:32 +08:00:     at <unknown> (Error: listen EADDRINUSE: address already in use :::3001)
2026-06-11 02:45:32 +08:00:     at new Promise (<anonymous>) {
2026-06-11 02:45:32 +08:00:   code: 'EADDRINUSE',
2026-06-11 02:45:32 +08:00:   errno: -98,
2026-06-11 02:45:32 +08:00:   syscall: 'listen',
2026-06-11 02:45:32 +08:00:   address: '::',
2026-06-11 02:45:32 +08:00:   port: 3001
2026-06-11 02:45:32 +08:00: }
2026-06-11 02:45:35 +08:00: ⨯ Failed to start server
2026-06-11 02:45:35 +08:00: Error: listen EADDRINUSE: address already in use :::3001
2026-06-11 02:45:35 +08:00:     at <unknown> (Error: listen EADDRINUSE: address already in use :::3001)
2026-06-11 02:45:35 +08:00:     at new Promise (<anonymous>) {
2026-06-11 02:45:35 +08:00:   code: 'EADDRINUSE',
2026-06-11 02:45:35 +08:00:   errno: -98,
2026-06-11 02:45:35 +08:00:   syscall: 'listen',
2026-06-11 02:45:35 +08:00:   address: '::',
2026-06-11 02:45:35 +08:00:   port: 3001
2026-06-11 02:45:35 +08:00: }
2026-06-11 03:00:32 +08:00: ⨯ Failed to start server
2026-06-11 03:00:32 +08:00: Error: listen EADDRINUSE: address already in use :::3001
2026-06-11 03:00:32 +08:00:     at <unknown> (Error: listen EADDRINUSE: address already in use :::3001)
2026-06-11 03:00:32 +08:00:     at new Promise (<anonymous>) {
2026-06-11 03:00:32 +08:00:   code: 'EADDRINUSE',
2026-06-11 03:00:32 +08:00:   errno: -98,
2026-06-11 03:00:32 +08:00:   syscall: 'listen',
2026-06-11 03:00:32 +08:00:   address: '::',
2026-06-11 03:00:32 +08:00:   port: 3001
2026-06-11 03:00:32 +08:00: }
2026-06-11 03:00:32 +08:00: ⨯ Failed to start server
2026-06-11 03:00:32 +08:00: Error: listen EADDRINUSE: address already in use :::3001
2026-06-11 03:00:32 +08:00:     at <unknown> (Error: listen EADDRINUSE: address already in use :::3001)
2026-06-11 03:00:32 +08:00:     at new Promise (<anonymous>) {
2026-06-11 03:00:32 +08:00:   code: 'EADDRINUSE',
2026-06-11 03:00:32 +08:00:   errno: -98,
2026-06-11 03:00:32 +08:00:   syscall: 'listen',
2026-06-11 03:00:32 +08:00:   address: '::',
2026-06-11 03:00:32 +08:00:   port: 3001
2026-06-11 03:00:32 +08:00: }
2026-06-11 03:00:33 +08:00: ⨯ Failed to start server
2026-06-11 03:00:33 +08:00: Error: listen EADDRINUSE: address already in use :::3001
2026-06-11 03:00:33 +08:00:     at <unknown> (Error: listen EADDRINUSE: address already in use :::3001)
2026-06-11 03:00:33 +08:00:     at new Promise (<anonymous>) {
2026-06-11 03:00:33 +08:00:   code: 'EADDRINUSE',
2026-06-11 03:00:33 +08:00:   errno: -98,
2026-06-11 03:00:33 +08:00:   syscall: 'listen',
2026-06-11 03:00:33 +08:00:   address: '::',
2026-06-11 03:00:33 +08:00:   port: 3001
2026-06-11 03:00:33 +08:00: }
2026-06-11 03:00:34 +08:00: ⨯ Failed to start server
2026-06-11 03:00:34 +08:00: Error: listen EADDRINUSE: address already in use :::3001
2026-06-11 03:00:34 +08:00:     at <unknown> (Error: listen EADDRINUSE: address already in use :::3001)
2026-06-11 03:00:34 +08:00:     at new Promise (<anonymous>) {
2026-06-11 03:00:34 +08:00:   code: 'EADDRINUSE',
2026-06-11 03:00:34 +08:00:   errno: -98,
2026-06-11 03:00:34 +08:00:   syscall: 'listen',
2026-06-11 03:00:34 +08:00:   address: '::',
2026-06-11 03:00:34 +08:00:   port: 3001
2026-06-11 03:00:34 +08:00: }
2026-06-11 03:00:34 +08:00: ⨯ Failed to start server
2026-06-11 03:00:34 +08:00: Error: listen EADDRINUSE: address already in use :::3001
2026-06-11 03:00:34 +08:00:     at <unknown> (Error: listen EADDRINUSE: address already in use :::3001)
2026-06-11 03:00:34 +08:00:     at new Promise (<anonymous>) {
2026-06-11 03:00:34 +08:00:   code: 'EADDRINUSE',
2026-06-11 03:00:34 +08:00:   errno: -98,
2026-06-11 03:00:34 +08:00:   syscall: 'listen',
2026-06-11 03:00:34 +08:00:   address: '::',
2026-06-11 03:00:34 +08:00:   port: 3001
2026-06-11 03:00:34 +08:00: }
2026-06-11 03:00:36 +08:00: ⨯ Failed to start server
2026-06-11 03:00:36 +08:00: Error: listen EADDRINUSE: address already in use :::3001
2026-06-11 03:00:36 +08:00:     at <unknown> (Error: listen EADDRINUSE: address already in use :::3001)
2026-06-11 03:00:36 +08:00:     at new Promise (<anonymous>) {
2026-06-11 03:00:36 +08:00:   code: 'EADDRINUSE',
2026-06-11 03:00:36 +08:00:   errno: -98,
2026-06-11 03:00:36 +08:00:   syscall: 'listen',
2026-06-11 03:00:36 +08:00:   address: '::',
2026-06-11 03:00:36 +08:00:   port: 3001
2026-06-11 03:00:36 +08:00: }
2026-06-11 03:00:37 +08:00: ⨯ Failed to start server
2026-06-11 03:00:37 +08:00: Error: listen EADDRINUSE: address already in use :::3001
2026-06-11 03:00:37 +08:00:     at <unknown> (Error: listen EADDRINUSE: address already in use :::3001)
2026-06-11 03:00:37 +08:00:     at new Promise (<anonymous>) {
2026-06-11 03:00:37 +08:00:   code: 'EADDRINUSE',
2026-06-11 03:00:37 +08:00:   errno: -98,
2026-06-11 03:00:37 +08:00:   syscall: 'listen',
2026-06-11 03:00:37 +08:00:   address: '::',
2026-06-11 03:00:37 +08:00:   port: 3001
2026-06-11 03:00:37 +08:00: }
2026-06-11 03:00:39 +08:00: ⨯ Failed to start server
2026-06-11 03:00:39 +08:00: Error: listen EADDRINUSE: address already in use :::3001
2026-06-11 03:00:39 +08:00:     at <unknown> (Error: listen EADDRINUSE: address already in use :::3001)
2026-06-11 03:00:39 +08:00:     at new Promise (<anonymous>) {
2026-06-11 03:00:39 +08:00:   code: 'EADDRINUSE',
2026-06-11 03:00:39 +08:00:   errno: -98,
2026-06-11 03:00:39 +08:00:   syscall: 'listen',
2026-06-11 03:00:39 +08:00:   address: '::',
2026-06-11 03:00:39 +08:00:   port: 3001
2026-06-11 03:00:39 +08:00: }
2026-06-11 03:00:41 +08:00: ⨯ Failed to start server
2026-06-11 03:00:41 +08:00: Error: listen EADDRINUSE: address already in use :::3001
2026-06-11 03:00:41 +08:00:     at <unknown> (Error: listen EADDRINUSE: address already in use :::3001)
2026-06-11 03:00:41 +08:00:     at new Promise (<anonymous>) {
2026-06-11 03:00:41 +08:00:   code: 'EADDRINUSE',
2026-06-11 03:00:41 +08:00:   errno: -98,
2026-06-11 03:00:41 +08:00:   syscall: 'listen',
2026-06-11 03:00:41 +08:00:   address: '::',
2026-06-11 03:00:41 +08:00:   port: 3001
2026-06-11 03:00:41 +08:00: }
2026-06-11 03:00:44 +08:00: ⨯ Failed to start server
2026-06-11 03:00:44 +08:00: Error: listen EADDRINUSE: address already in use :::3001
2026-06-11 03:00:44 +08:00:     at <unknown> (Error: listen EADDRINUSE: address already in use :::3001)
2026-06-11 03:00:44 +08:00:     at new Promise (<anonymous>) {
2026-06-11 03:00:44 +08:00:   code: 'EADDRINUSE',
2026-06-11 03:00:44 +08:00:   errno: -98,
2026-06-11 03:00:44 +08:00:   syscall: 'listen',
2026-06-11 03:00:44 +08:00:   address: '::',
2026-06-11 03:00:44 +08:00:   port: 3001
2026-06-11 03:00:44 +08:00: }
2026-06-11 03:15:49 +08:00: ⨯ Failed to start server
2026-06-11 03:15:49 +08:00: Error: listen EADDRINUSE: address already in use :::3001
2026-06-11 03:15:49 +08:00:     at <unknown> (Error: listen EADDRINUSE: address already in use :::3001)
2026-06-11 03:15:49 +08:00:     at new Promise (<anonymous>) {
2026-06-11 03:15:49 +08:00:   code: 'EADDRINUSE',
2026-06-11 03:15:49 +08:00:   errno: -98,
2026-06-11 03:15:49 +08:00:   syscall: 'listen',
2026-06-11 03:15:49 +08:00:   address: '::',
2026-06-11 03:15:49 +08:00:   port: 3001
2026-06-11 03:15:49 +08:00: }
2026-06-11 03:15:50 +08:00: ⨯ Failed to start server
2026-06-11 03:15:50 +08:00: Error: listen EADDRINUSE: address already in use :::3001
2026-06-11 03:15:50 +08:00:     at <unknown> (Error: listen EADDRINUSE: address already in use :::3001)
2026-06-11 03:15:50 +08:00:     at new Promise (<anonymous>) {
2026-06-11 03:15:50 +08:00:   code: 'EADDRINUSE',
2026-06-11 03:15:50 +08:00:   errno: -98,
2026-06-11 03:15:50 +08:00:   syscall: 'listen',
2026-06-11 03:15:50 +08:00:   address: '::',
2026-06-11 03:15:50 +08:00:   port: 3001
2026-06-11 03:15:50 +08:00: }
2026-06-11 03:15:51 +08:00: ⨯ Failed to start server
2026-06-11 03:15:51 +08:00: Error: listen EADDRINUSE: address already in use :::3001
2026-06-11 03:15:51 +08:00:     at <unknown> (Error: listen EADDRINUSE: address already in use :::3001)
2026-06-11 03:15:51 +08:00:     at new Promise (<anonymous>) {
2026-06-11 03:15:51 +08:00:   code: 'EADDRINUSE',
2026-06-11 03:15:51 +08:00:   errno: -98,
2026-06-11 03:15:51 +08:00:   syscall: 'listen',
2026-06-11 03:15:51 +08:00:   address: '::',
2026-06-11 03:15:51 +08:00:   port: 3001
2026-06-11 03:15:51 +08:00: }
2026-06-11 03:15:52 +08:00: ⨯ Failed to start server
2026-06-11 03:15:52 +08:00: Error: listen EADDRINUSE: address already in use :::3001
2026-06-11 03:15:52 +08:00:     at <unknown> (Error: listen EADDRINUSE: address already in use :::3001)
2026-06-11 03:15:52 +08:00:     at new Promise (<anonymous>) {
2026-06-11 03:15:52 +08:00:   code: 'EADDRINUSE',
2026-06-11 03:15:52 +08:00:   errno: -98,
2026-06-11 03:15:52 +08:00:   syscall: 'listen',
2026-06-11 03:15:52 +08:00:   address: '::',
2026-06-11 03:15:52 +08:00:   port: 3001
2026-06-11 03:15:52 +08:00: }
2026-06-11 03:15:53 +08:00: ⨯ Failed to start server
2026-06-11 03:15:53 +08:00: Error: listen EADDRINUSE: address already in use :::3001
2026-06-11 03:15:53 +08:00:     at <unknown> (Error: listen EADDRINUSE: address already in use :::3001)
2026-06-11 03:15:53 +08:00:     at new Promise (<anonymous>) {
2026-06-11 03:15:53 +08:00:   code: 'EADDRINUSE',
2026-06-11 03:15:53 +08:00:   errno: -98,
2026-06-11 03:15:53 +08:00:   syscall: 'listen',
2026-06-11 03:15:53 +08:00:   address: '::',
2026-06-11 03:15:53 +08:00:   port: 3001
2026-06-11 03:15:53 +08:00: }
2026-06-11 03:15:54 +08:00: ⨯ Failed to start server
2026-06-11 03:15:54 +08:00: Error: listen EADDRINUSE: address already in use :::3001
2026-06-11 03:15:54 +08:00:     at <unknown> (Error: listen EADDRINUSE: address already in use :::3001)
2026-06-11 03:15:54 +08:00:     at new Promise (<anonymous>) {
2026-06-11 03:15:54 +08:00:   code: 'EADDRINUSE',
2026-06-11 03:15:54 +08:00:   errno: -98,
2026-06-11 03:15:54 +08:00:   syscall: 'listen',
2026-06-11 03:15:54 +08:00:   address: '::',
2026-06-11 03:15:54 +08:00:   port: 3001
2026-06-11 03:15:54 +08:00: }
2026-06-11 03:15:56 +08:00: ⨯ Failed to start server
2026-06-11 03:15:56 +08:00: Error: listen EADDRINUSE: address already in use :::3001
2026-06-11 03:15:56 +08:00:     at <unknown> (Error: listen EADDRINUSE: address already in use :::3001)
2026-06-11 03:15:56 +08:00:     at new Promise (<anonymous>) {
2026-06-11 03:15:56 +08:00:   code: 'EADDRINUSE',
2026-06-11 03:15:56 +08:00:   errno: -98,
2026-06-11 03:15:56 +08:00:   syscall: 'listen',
2026-06-11 03:15:56 +08:00:   address: '::',
2026-06-11 03:15:56 +08:00:   port: 3001
2026-06-11 03:15:56 +08:00: }
2026-06-11 03:15:58 +08:00: ⨯ Failed to start server
2026-06-11 03:15:58 +08:00: Error: listen EADDRINUSE: address already in use :::3001
2026-06-11 03:15:58 +08:00:     at <unknown> (Error: listen EADDRINUSE: address already in use :::3001)
2026-06-11 03:15:58 +08:00:     at new Promise (<anonymous>) {
2026-06-11 03:15:58 +08:00:   code: 'EADDRINUSE',
2026-06-11 03:15:58 +08:00:   errno: -98,
2026-06-11 03:15:58 +08:00:   syscall: 'listen',
2026-06-11 03:15:58 +08:00:   address: '::',
2026-06-11 03:15:58 +08:00:   port: 3001
2026-06-11 03:15:58 +08:00: }
2026-06-11 03:16:01 +08:00: ⨯ Failed to start server
2026-06-11 03:16:01 +08:00: Error: listen EADDRINUSE: address already in use :::3001
2026-06-11 03:16:01 +08:00:     at <unknown> (Error: listen EADDRINUSE: address already in use :::3001)
2026-06-11 03:16:01 +08:00:     at new Promise (<anonymous>) {
2026-06-11 03:16:01 +08:00:   code: 'EADDRINUSE',
2026-06-11 03:16:01 +08:00:   errno: -98,
2026-06-11 03:16:01 +08:00:   syscall: 'listen',
2026-06-11 03:16:01 +08:00:   address: '::',
2026-06-11 03:16:01 +08:00:   port: 3001
2026-06-11 03:16:01 +08:00: }
2026-06-11 03:16:04 +08:00: ⨯ Failed to start server
2026-06-11 03:16:04 +08:00: Error: listen EADDRINUSE: address already in use :::3001
2026-06-11 03:16:04 +08:00:     at <unknown> (Error: listen EADDRINUSE: address already in use :::3001)
2026-06-11 03:16:04 +08:00:     at new Promise (<anonymous>) {
2026-06-11 03:16:04 +08:00:   code: 'EADDRINUSE',
2026-06-11 03:16:04 +08:00:   errno: -98,
2026-06-11 03:16:04 +08:00:   syscall: 'listen',
2026-06-11 03:16:04 +08:00:   address: '::',
2026-06-11 03:16:04 +08:00:   port: 3001
2026-06-11 03:16:04 +08:00: }
2026-06-11 03:30:55 +08:00: ⨯ Failed to start server
2026-06-11 03:30:55 +08:00: Error: listen EADDRINUSE: address already in use :::3001
2026-06-11 03:30:55 +08:00:     at <unknown> (Error: listen EADDRINUSE: address already in use :::3001)
2026-06-11 03:30:55 +08:00:     at new Promise (<anonymous>) {
2026-06-11 03:30:55 +08:00:   code: 'EADDRINUSE',
2026-06-11 03:30:55 +08:00:   errno: -98,
2026-06-11 03:30:55 +08:00:   syscall: 'listen',
2026-06-11 03:30:55 +08:00:   address: '::',
2026-06-11 03:30:55 +08:00:   port: 3001
2026-06-11 03:30:55 +08:00: }
2026-06-11 03:30:56 +08:00: ⨯ Failed to start server
2026-06-11 03:30:56 +08:00: Error: listen EADDRINUSE: address already in use :::3001
2026-06-11 03:30:56 +08:00:     at <unknown> (Error: listen EADDRINUSE: address already in use :::3001)
2026-06-11 03:30:56 +08:00:     at new Promise (<anonymous>) {
2026-06-11 03:30:56 +08:00:   code: 'EADDRINUSE',
2026-06-11 03:30:56 +08:00:   errno: -98,
2026-06-11 03:30:56 +08:00:   syscall: 'listen',
2026-06-11 03:30:56 +08:00:   address: '::',
2026-06-11 03:30:56 +08:00:   port: 3001
2026-06-11 03:30:56 +08:00: }
2026-06-11 03:30:56 +08:00: ⨯ Failed to start server
2026-06-11 03:30:56 +08:00: Error: listen EADDRINUSE: address already in use :::3001
2026-06-11 03:30:56 +08:00:     at <unknown> (Error: listen EADDRINUSE: address already in use :::3001)
2026-06-11 03:30:56 +08:00:     at new Promise (<anonymous>) {
2026-06-11 03:30:56 +08:00:   code: 'EADDRINUSE',
2026-06-11 03:30:56 +08:00:   errno: -98,
2026-06-11 03:30:56 +08:00:   syscall: 'listen',
2026-06-11 03:30:56 +08:00:   address: '::',
2026-06-11 03:30:56 +08:00:   port: 3001
2026-06-11 03:30:56 +08:00: }
2026-06-11 03:30:57 +08:00: ⨯ Failed to start server
2026-06-11 03:30:57 +08:00: Error: listen EADDRINUSE: address already in use :::3001
2026-06-11 03:30:57 +08:00:     at <unknown> (Error: listen EADDRINUSE: address already in use :::3001)
2026-06-11 03:30:57 +08:00:     at new Promise (<anonymous>) {
2026-06-11 03:30:57 +08:00:   code: 'EADDRINUSE',
2026-06-11 03:30:57 +08:00:   errno: -98,
2026-06-11 03:30:57 +08:00:   syscall: 'listen',
2026-06-11 03:30:57 +08:00:   address: '::',
2026-06-11 03:30:57 +08:00:   port: 3001
2026-06-11 03:30:57 +08:00: }
2026-06-11 03:30:58 +08:00: ⨯ Failed to start server
2026-06-11 03:30:58 +08:00: Error: listen EADDRINUSE: address already in use :::3001
2026-06-11 03:30:58 +08:00:     at <unknown> (Error: listen EADDRINUSE: address already in use :::3001)
2026-06-11 03:30:58 +08:00:     at new Promise (<anonymous>) {
2026-06-11 03:30:58 +08:00:   code: 'EADDRINUSE',
2026-06-11 03:30:58 +08:00:   errno: -98,
2026-06-11 03:30:58 +08:00:   syscall: 'listen',
2026-06-11 03:30:58 +08:00:   address: '::',
2026-06-11 03:30:58 +08:00:   port: 3001
2026-06-11 03:30:58 +08:00: }
2026-06-11 03:30:58 +08:00: ⨯ Failed to start server
2026-06-11 03:30:58 +08:00: Error: listen EADDRINUSE: address already in use :::3001
2026-06-11 03:30:58 +08:00:     at <unknown> (Error: listen EADDRINUSE: address already in use :::3001)
2026-06-11 03:30:58 +08:00:     at new Promise (<anonymous>) {
2026-06-11 03:30:58 +08:00:   code: 'EADDRINUSE',
2026-06-11 03:30:58 +08:00:   errno: -98,
2026-06-11 03:30:58 +08:00:   syscall: 'listen',
2026-06-11 03:30:58 +08:00:   address: '::',
2026-06-11 03:30:58 +08:00:   port: 3001
2026-06-11 03:30:58 +08:00: }
2026-06-11 03:31:00 +08:00: ⨯ Failed to start server
2026-06-11 03:31:00 +08:00: Error: listen EADDRINUSE: address already in use :::3001
2026-06-11 03:31:00 +08:00:     at <unknown> (Error: listen EADDRINUSE: address already in use :::3001)
2026-06-11 03:31:00 +08:00:     at new Promise (<anonymous>) {
2026-06-11 03:31:00 +08:00:   code: 'EADDRINUSE',
2026-06-11 03:31:00 +08:00:   errno: -98,
2026-06-11 03:31:00 +08:00:   syscall: 'listen',
2026-06-11 03:31:00 +08:00:   address: '::',
2026-06-11 03:31:00 +08:00:   port: 3001
2026-06-11 03:31:00 +08:00: }
2026-06-11 03:31:01 +08:00: ⨯ Failed to start server
2026-06-11 03:31:01 +08:00: Error: listen EADDRINUSE: address already in use :::3001
2026-06-11 03:31:01 +08:00:     at <unknown> (Error: listen EADDRINUSE: address already in use :::3001)
2026-06-11 03:31:01 +08:00:     at new Promise (<anonymous>) {
2026-06-11 03:31:01 +08:00:   code: 'EADDRINUSE',
2026-06-11 03:31:01 +08:00:   errno: -98,
2026-06-11 03:31:01 +08:00:   syscall: 'listen',
2026-06-11 03:31:01 +08:00:   address: '::',
2026-06-11 03:31:01 +08:00:   port: 3001
2026-06-11 03:31:01 +08:00: }
2026-06-11 03:31:03 +08:00: ⨯ Failed to start server
2026-06-11 03:31:03 +08:00: Error: listen EADDRINUSE: address already in use :::3001
2026-06-11 03:31:03 +08:00:     at <unknown> (Error: listen EADDRINUSE: address already in use :::3001)
2026-06-11 03:31:03 +08:00:     at new Promise (<anonymous>) {
2026-06-11 03:31:03 +08:00:   code: 'EADDRINUSE',
2026-06-11 03:31:03 +08:00:   errno: -98,
2026-06-11 03:31:03 +08:00:   syscall: 'listen',
2026-06-11 03:31:03 +08:00:   address: '::',
2026-06-11 03:31:03 +08:00:   port: 3001
2026-06-11 03:31:03 +08:00: }
2026-06-11 03:31:06 +08:00: ⨯ Failed to start server
2026-06-11 03:31:06 +08:00: Error: listen EADDRINUSE: address already in use :::3001
2026-06-11 03:31:06 +08:00:     at <unknown> (Error: listen EADDRINUSE: address already in use :::3001)
2026-06-11 03:31:06 +08:00:     at new Promise (<anonymous>) {
2026-06-11 03:31:06 +08:00:   code: 'EADDRINUSE',
2026-06-11 03:31:06 +08:00:   errno: -98,
2026-06-11 03:31:06 +08:00:   syscall: 'listen',
2026-06-11 03:31:06 +08:00:   address: '::',
2026-06-11 03:31:06 +08:00:   port: 3001
2026-06-11 03:31:06 +08:00: }
2026-06-11 03:46:02 +08:00: ⨯ Failed to start server
2026-06-11 03:46:02 +08:00: Error: listen EADDRINUSE: address already in use :::3001
2026-06-11 03:46:02 +08:00:     at <unknown> (Error: listen EADDRINUSE: address already in use :::3001)
2026-06-11 03:46:02 +08:00:     at new Promise (<anonymous>) {
2026-06-11 03:46:02 +08:00:   code: 'EADDRINUSE',
2026-06-11 03:46:02 +08:00:   errno: -98,
2026-06-11 03:46:02 +08:00:   syscall: 'listen',
2026-06-11 03:46:02 +08:00:   address: '::',
2026-06-11 03:46:02 +08:00:   port: 3001
2026-06-11 03:46:02 +08:00: }
2026-06-11 03:46:03 +08:00: ⨯ Failed to start server
2026-06-11 03:46:03 +08:00: Error: listen EADDRINUSE: address already in use :::3001
2026-06-11 03:46:03 +08:00:     at <unknown> (Error: listen EADDRINUSE: address already in use :::3001)
2026-06-11 03:46:03 +08:00:     at new Promise (<anonymous>) {
2026-06-11 03:46:03 +08:00:   code: 'EADDRINUSE',
2026-06-11 03:46:03 +08:00:   errno: -98,
2026-06-11 03:46:03 +08:00:   syscall: 'listen',
2026-06-11 03:46:03 +08:00:   address: '::',
2026-06-11 03:46:03 +08:00:   port: 3001
2026-06-11 03:46:03 +08:00: }
2026-06-11 03:46:03 +08:00: ⨯ Failed to start server
2026-06-11 03:46:03 +08:00: Error: listen EADDRINUSE: address already in use :::3001
2026-06-11 03:46:03 +08:00:     at <unknown> (Error: listen EADDRINUSE: address already in use :::3001)
2026-06-11 03:46:03 +08:00:     at new Promise (<anonymous>) {
2026-06-11 03:46:03 +08:00:   code: 'EADDRINUSE',
2026-06-11 03:46:03 +08:00:   errno: -98,
2026-06-11 03:46:03 +08:00:   syscall: 'listen',
2026-06-11 03:46:03 +08:00:   address: '::',
2026-06-11 03:46:03 +08:00:   port: 3001
2026-06-11 03:46:03 +08:00: }
2026-06-11 03:46:04 +08:00: ⨯ Failed to start server
2026-06-11 03:46:04 +08:00: Error: listen EADDRINUSE: address already in use :::3001
2026-06-11 03:46:04 +08:00:     at <unknown> (Error: listen EADDRINUSE: address already in use :::3001)
2026-06-11 03:46:04 +08:00:     at new Promise (<anonymous>) {
2026-06-11 03:46:04 +08:00:   code: 'EADDRINUSE',
2026-06-11 03:46:04 +08:00:   errno: -98,
2026-06-11 03:46:04 +08:00:   syscall: 'listen',
2026-06-11 03:46:04 +08:00:   address: '::',
2026-06-11 03:46:04 +08:00:   port: 3001
2026-06-11 03:46:04 +08:00: }
2026-06-11 03:46:04 +08:00: ⨯ Failed to start server
2026-06-11 03:46:04 +08:00: Error: listen EADDRINUSE: address already in use :::3001
2026-06-11 03:46:04 +08:00:     at <unknown> (Error: listen EADDRINUSE: address already in use :::3001)
2026-06-11 03:46:04 +08:00:     at new Promise (<anonymous>) {
2026-06-11 03:46:04 +08:00:   code: 'EADDRINUSE',
2026-06-11 03:46:04 +08:00:   errno: -98,
2026-06-11 03:46:04 +08:00:   syscall: 'listen',
2026-06-11 03:46:04 +08:00:   address: '::',
2026-06-11 03:46:04 +08:00:   port: 3001
2026-06-11 03:46:04 +08:00: }
2026-06-11 03:46:05 +08:00: ⨯ Failed to start server
2026-06-11 03:46:05 +08:00: Error: listen EADDRINUSE: address already in use :::3001
2026-06-11 03:46:05 +08:00:     at <unknown> (Error: listen EADDRINUSE: address already in use :::3001)
2026-06-11 03:46:05 +08:00:     at new Promise (<anonymous>) {
2026-06-11 03:46:05 +08:00:   code: 'EADDRINUSE',
2026-06-11 03:46:05 +08:00:   errno: -98,
2026-06-11 03:46:05 +08:00:   syscall: 'listen',
2026-06-11 03:46:05 +08:00:   address: '::',
2026-06-11 03:46:05 +08:00:   port: 3001
2026-06-11 03:46:05 +08:00: }
2026-06-11 03:46:06 +08:00: ⨯ Failed to start server
2026-06-11 03:46:06 +08:00: Error: listen EADDRINUSE: address already in use :::3001
2026-06-11 03:46:06 +08:00:     at <unknown> (Error: listen EADDRINUSE: address already in use :::3001)
2026-06-11 03:46:06 +08:00:     at new Promise (<anonymous>) {
2026-06-11 03:46:06 +08:00:   code: 'EADDRINUSE',
2026-06-11 03:46:06 +08:00:   errno: -98,
2026-06-11 03:46:06 +08:00:   syscall: 'listen',
2026-06-11 03:46:06 +08:00:   address: '::',
2026-06-11 03:46:06 +08:00:   port: 3001
2026-06-11 03:46:06 +08:00: }
2026-06-11 03:46:08 +08:00: ⨯ Failed to start server
2026-06-11 03:46:08 +08:00: Error: listen EADDRINUSE: address already in use :::3001
2026-06-11 03:46:08 +08:00:     at <unknown> (Error: listen EADDRINUSE: address already in use :::3001)
2026-06-11 03:46:08 +08:00:     at new Promise (<anonymous>) {
2026-06-11 03:46:08 +08:00:   code: 'EADDRINUSE',
2026-06-11 03:46:08 +08:00:   errno: -98,
2026-06-11 03:46:08 +08:00:   syscall: 'listen',
2026-06-11 03:46:08 +08:00:   address: '::',
2026-06-11 03:46:08 +08:00:   port: 3001
2026-06-11 03:46:08 +08:00: }
2026-06-11 03:46:10 +08:00: ⨯ Failed to start server
2026-06-11 03:46:10 +08:00: Error: listen EADDRINUSE: address already in use :::3001
2026-06-11 03:46:10 +08:00:     at <unknown> (Error: listen EADDRINUSE: address already in use :::3001)
2026-06-11 03:46:10 +08:00:     at new Promise (<anonymous>) {
2026-06-11 03:46:10 +08:00:   code: 'EADDRINUSE',
2026-06-11 03:46:10 +08:00:   errno: -98,
2026-06-11 03:46:10 +08:00:   syscall: 'listen',
2026-06-11 03:46:10 +08:00:   address: '::',
2026-06-11 03:46:10 +08:00:   port: 3001
2026-06-11 03:46:10 +08:00: }
2026-06-11 03:46:13 +08:00: ⨯ Failed to start server
2026-06-11 03:46:13 +08:00: Error: listen EADDRINUSE: address already in use :::3001
2026-06-11 03:46:13 +08:00:     at <unknown> (Error: listen EADDRINUSE: address already in use :::3001)
2026-06-11 03:46:13 +08:00:     at new Promise (<anonymous>) {
2026-06-11 03:46:13 +08:00:   code: 'EADDRINUSE',
2026-06-11 03:46:13 +08:00:   errno: -98,
2026-06-11 03:46:13 +08:00:   syscall: 'listen',
2026-06-11 03:46:13 +08:00:   address: '::',
2026-06-11 03:46:13 +08:00:   port: 3001
2026-06-11 03:46:13 +08:00: }
2026-06-11 04:00:01 +08:00: ⨯ Failed to start server
2026-06-11 04:00:01 +08:00: Error: listen EADDRINUSE: address already in use :::3001
2026-06-11 04:00:01 +08:00:     at <unknown> (Error: listen EADDRINUSE: address already in use :::3001)
2026-06-11 04:00:01 +08:00:     at new Promise (<anonymous>) {
2026-06-11 04:00:01 +08:00:   code: 'EADDRINUSE',
2026-06-11 04:00:01 +08:00:   errno: -98,
2026-06-11 04:00:01 +08:00:   syscall: 'listen',
2026-06-11 04:00:01 +08:00:   address: '::',
2026-06-11 04:00:01 +08:00:   port: 3001
2026-06-11 04:00:01 +08:00: }
2026-06-11 04:00:02 +08:00: ⨯ Failed to start server
2026-06-11 04:00:02 +08:00: Error: listen EADDRINUSE: address already in use :::3001
2026-06-11 04:00:02 +08:00:     at <unknown> (Error: listen EADDRINUSE: address already in use :::3001)
2026-06-11 04:00:02 +08:00:     at new Promise (<anonymous>) {
2026-06-11 04:00:02 +08:00:   code: 'EADDRINUSE',
2026-06-11 04:00:02 +08:00:   errno: -98,
2026-06-11 04:00:02 +08:00:   syscall: 'listen',
2026-06-11 04:00:02 +08:00:   address: '::',
2026-06-11 04:00:02 +08:00:   port: 3001
2026-06-11 04:00:02 +08:00: }
2026-06-11 04:00:03 +08:00: ⨯ Failed to start server
2026-06-11 04:00:03 +08:00: Error: listen EADDRINUSE: address already in use :::3001
2026-06-11 04:00:03 +08:00:     at <unknown> (Error: listen EADDRINUSE: address already in use :::3001)
2026-06-11 04:00:03 +08:00:     at new Promise (<anonymous>) {
2026-06-11 04:00:03 +08:00:   code: 'EADDRINUSE',
2026-06-11 04:00:03 +08:00:   errno: -98,
2026-06-11 04:00:03 +08:00:   syscall: 'listen',
2026-06-11 04:00:03 +08:00:   address: '::',
2026-06-11 04:00:03 +08:00:   port: 3001
2026-06-11 04:00:03 +08:00: }
2026-06-11 04:00:04 +08:00: ⨯ Failed to start server
2026-06-11 04:00:04 +08:00: Error: listen EADDRINUSE: address already in use :::3001
2026-06-11 04:00:04 +08:00:     at <unknown> (Error: listen EADDRINUSE: address already in use :::3001)
2026-06-11 04:00:04 +08:00:     at new Promise (<anonymous>) {
2026-06-11 04:00:04 +08:00:   code: 'EADDRINUSE',
2026-06-11 04:00:04 +08:00:   errno: -98,
2026-06-11 04:00:04 +08:00:   syscall: 'listen',
2026-06-11 04:00:04 +08:00:   address: '::',
2026-06-11 04:00:04 +08:00:   port: 3001
2026-06-11 04:00:04 +08:00: }
2026-06-11 04:00:05 +08:00: ⨯ Failed to start server
2026-06-11 04:00:05 +08:00: Error: listen EADDRINUSE: address already in use :::3001
2026-06-11 04:00:05 +08:00:     at <unknown> (Error: listen EADDRINUSE: address already in use :::3001)
2026-06-11 04:00:05 +08:00:     at new Promise (<anonymous>) {
2026-06-11 04:00:05 +08:00:   code: 'EADDRINUSE',
2026-06-11 04:00:05 +08:00:   errno: -98,
2026-06-11 04:00:05 +08:00:   syscall: 'listen',
2026-06-11 04:00:05 +08:00:   address: '::',
2026-06-11 04:00:05 +08:00:   port: 3001
2026-06-11 04:00:05 +08:00: }
2026-06-11 04:00:07 +08:00: ⨯ Failed to start server
2026-06-11 04:00:07 +08:00: Error: listen EADDRINUSE: address already in use :::3001
2026-06-11 04:00:07 +08:00:     at <unknown> (Error: listen EADDRINUSE: address already in use :::3001)
2026-06-11 04:00:07 +08:00:     at new Promise (<anonymous>) {
2026-06-11 04:00:07 +08:00:   code: 'EADDRINUSE',
2026-06-11 04:00:07 +08:00:   errno: -98,
2026-06-11 04:00:07 +08:00:   syscall: 'listen',
2026-06-11 04:00:07 +08:00:   address: '::',
2026-06-11 04:00:07 +08:00:   port: 3001
2026-06-11 04:00:07 +08:00: }
2026-06-11 04:00:09 +08:00: ⨯ Failed to start server
2026-06-11 04:00:09 +08:00: Error: listen EADDRINUSE: address already in use :::3001
2026-06-11 04:00:09 +08:00:     at <unknown> (Error: listen EADDRINUSE: address already in use :::3001)
2026-06-11 04:00:09 +08:00:     at new Promise (<anonymous>) {
2026-06-11 04:00:09 +08:00:   code: 'EADDRINUSE',
2026-06-11 04:00:09 +08:00:   errno: -98,
2026-06-11 04:00:09 +08:00:   syscall: 'listen',
2026-06-11 04:00:09 +08:00:   address: '::',
2026-06-11 04:00:09 +08:00:   port: 3001
2026-06-11 04:00:09 +08:00: }
2026-06-11 04:00:12 +08:00: ⨯ Failed to start server
2026-06-11 04:00:12 +08:00: Error: listen EADDRINUSE: address already in use :::3001
2026-06-11 04:00:12 +08:00:     at <unknown> (Error: listen EADDRINUSE: address already in use :::3001)
2026-06-11 04:00:12 +08:00:     at new Promise (<anonymous>) {
2026-06-11 04:00:12 +08:00:   code: 'EADDRINUSE',
2026-06-11 04:00:12 +08:00:   errno: -98,
2026-06-11 04:00:12 +08:00:   syscall: 'listen',
2026-06-11 04:00:12 +08:00:   address: '::',
2026-06-11 04:00:12 +08:00:   port: 3001
2026-06-11 04:00:12 +08:00: }
2026-06-11 04:00:13 +08:00: ⨯ Failed to start server
2026-06-11 04:00:13 +08:00: Error: listen EADDRINUSE: address already in use :::3001
2026-06-11 04:00:13 +08:00:     at <unknown> (Error: listen EADDRINUSE: address already in use :::3001)
2026-06-11 04:00:13 +08:00:     at new Promise (<anonymous>) {
2026-06-11 04:00:13 +08:00:   code: 'EADDRINUSE',
2026-06-11 04:00:13 +08:00:   errno: -98,
2026-06-11 04:00:13 +08:00:   syscall: 'listen',
2026-06-11 04:00:13 +08:00:   address: '::',
2026-06-11 04:00:13 +08:00:   port: 3001
2026-06-11 04:00:13 +08:00: }
2026-06-11 04:00:14 +08:00: ⨯ Failed to start server
2026-06-11 04:00:14 +08:00: Error: listen EADDRINUSE: address already in use :::3001
2026-06-11 04:00:14 +08:00:     at <unknown> (Error: listen EADDRINUSE: address already in use :::3001)
2026-06-11 04:00:14 +08:00:     at new Promise (<anonymous>) {
2026-06-11 04:00:14 +08:00:   code: 'EADDRINUSE',
2026-06-11 04:00:14 +08:00:   errno: -98,
2026-06-11 04:00:14 +08:00:   syscall: 'listen',
2026-06-11 04:00:14 +08:00:   address: '::',
2026-06-11 04:00:14 +08:00:   port: 3001
2026-06-11 04:00:14 +08:00: }
2026-06-11 04:00:15 +08:00: ⨯ Failed to start server
2026-06-11 04:00:15 +08:00: Error: listen EADDRINUSE: address already in use :::3001
2026-06-11 04:00:15 +08:00:     at <unknown> (Error: listen EADDRINUSE: address already in use :::3001)
2026-06-11 04:00:15 +08:00:     at new Promise (<anonymous>) {
2026-06-11 04:00:15 +08:00:   code: 'EADDRINUSE',
2026-06-11 04:00:15 +08:00:   errno: -98,
2026-06-11 04:00:15 +08:00:   syscall: 'listen',
2026-06-11 04:00:15 +08:00:   address: '::',
2026-06-11 04:00:15 +08:00:   port: 3001
2026-06-11 04:00:15 +08:00: }
2026-06-11 04:00:16 +08:00: ⨯ Failed to start server
2026-06-11 04:00:16 +08:00: Error: listen EADDRINUSE: address already in use :::3001
2026-06-11 04:00:16 +08:00:     at <unknown> (Error: listen EADDRINUSE: address already in use :::3001)
2026-06-11 04:00:16 +08:00:     at new Promise (<anonymous>) {
2026-06-11 04:00:16 +08:00:   code: 'EADDRINUSE',
2026-06-11 04:00:16 +08:00:   errno: -98,
2026-06-11 04:00:16 +08:00:   syscall: 'listen',
2026-06-11 04:00:16 +08:00:   address: '::',
2026-06-11 04:00:16 +08:00:   port: 3001
2026-06-11 04:00:16 +08:00: }
2026-06-11 04:00:17 +08:00: ⨯ Failed to start server
2026-06-11 04:00:17 +08:00: Error: listen EADDRINUSE: address already in use :::3001
2026-06-11 04:00:17 +08:00:     at <unknown> (Error: listen EADDRINUSE: address already in use :::3001)
2026-06-11 04:00:17 +08:00:     at new Promise (<anonymous>) {
2026-06-11 04:00:17 +08:00:   code: 'EADDRINUSE',
2026-06-11 04:00:17 +08:00:   errno: -98,
2026-06-11 04:00:17 +08:00:   syscall: 'listen',
2026-06-11 04:00:17 +08:00:   address: '::',
2026-06-11 04:00:17 +08:00:   port: 3001
2026-06-11 04:00:17 +08:00: }
2026-06-11 04:00:19 +08:00: ⨯ Failed to start server
2026-06-11 04:00:19 +08:00: Error: listen EADDRINUSE: address already in use :::3001
2026-06-11 04:00:19 +08:00:     at <unknown> (Error: listen EADDRINUSE: address already in use :::3001)
2026-06-11 04:00:19 +08:00:     at new Promise (<anonymous>) {
2026-06-11 04:00:19 +08:00:   code: 'EADDRINUSE',
2026-06-11 04:00:19 +08:00:   errno: -98,
2026-06-11 04:00:19 +08:00:   syscall: 'listen',
2026-06-11 04:00:19 +08:00:   address: '::',
2026-06-11 04:00:19 +08:00:   port: 3001
2026-06-11 04:00:19 +08:00: }
2026-06-11 04:00:21 +08:00: ⨯ Failed to start server
2026-06-11 04:00:21 +08:00: Error: listen EADDRINUSE: address already in use :::3001
2026-06-11 04:00:21 +08:00:     at <unknown> (Error: listen EADDRINUSE: address already in use :::3001)
2026-06-11 04:00:21 +08:00:     at new Promise (<anonymous>) {
2026-06-11 04:00:21 +08:00:   code: 'EADDRINUSE',
2026-06-11 04:00:21 +08:00:   errno: -98,
2026-06-11 04:00:21 +08:00:   syscall: 'listen',
2026-06-11 04:00:21 +08:00:   address: '::',
2026-06-11 04:00:21 +08:00:   port: 3001
2026-06-11 04:00:21 +08:00: }
2026-06-11 04:00:25 +08:00: ⨯ Failed to start server
2026-06-11 04:00:25 +08:00: Error: listen EADDRINUSE: address already in use :::3001
2026-06-11 04:00:25 +08:00:     at <unknown> (Error: listen EADDRINUSE: address already in use :::3001)
2026-06-11 04:00:25 +08:00:     at new Promise (<anonymous>) {
2026-06-11 04:00:25 +08:00:   code: 'EADDRINUSE',
2026-06-11 04:00:25 +08:00:   errno: -98,
2026-06-11 04:00:25 +08:00:   syscall: 'listen',
2026-06-11 04:00:25 +08:00:   address: '::',
2026-06-11 04:00:25 +08:00:   port: 3001
2026-06-11 04:00:25 +08:00: }
2026-06-11 04:15:37 +08:00: ⨯ Failed to start server
2026-06-11 04:15:37 +08:00: Error: listen EADDRINUSE: address already in use :::3001
2026-06-11 04:15:37 +08:00:     at <unknown> (Error: listen EADDRINUSE: address already in use :::3001)
2026-06-11 04:15:37 +08:00:     at new Promise (<anonymous>) {
2026-06-11 04:15:37 +08:00:   code: 'EADDRINUSE',
2026-06-11 04:15:37 +08:00:   errno: -98,
2026-06-11 04:15:37 +08:00:   syscall: 'listen',
2026-06-11 04:15:37 +08:00:   address: '::',
2026-06-11 04:15:37 +08:00:   port: 3001
2026-06-11 04:15:37 +08:00: }
2026-06-11 04:15:37 +08:00: ⨯ Failed to start server
2026-06-11 04:15:37 +08:00: Error: listen EADDRINUSE: address already in use :::3001
2026-06-11 04:15:37 +08:00:     at <unknown> (Error: listen EADDRINUSE: address already in use :::3001)
2026-06-11 04:15:37 +08:00:     at new Promise (<anonymous>) {
2026-06-11 04:15:37 +08:00:   code: 'EADDRINUSE',
2026-06-11 04:15:37 +08:00:   errno: -98,
2026-06-11 04:15:37 +08:00:   syscall: 'listen',
2026-06-11 04:15:37 +08:00:   address: '::',
2026-06-11 04:15:37 +08:00:   port: 3001
2026-06-11 04:15:37 +08:00: }
2026-06-11 04:15:38 +08:00: ⨯ Failed to start server
2026-06-11 04:15:38 +08:00: Error: listen EADDRINUSE: address already in use :::3001
2026-06-11 04:15:38 +08:00:     at <unknown> (Error: listen EADDRINUSE: address already in use :::3001)
2026-06-11 04:15:38 +08:00:     at new Promise (<anonymous>) {
2026-06-11 04:15:38 +08:00:   code: 'EADDRINUSE',
2026-06-11 04:15:38 +08:00:   errno: -98,
2026-06-11 04:15:38 +08:00:   syscall: 'listen',
2026-06-11 04:15:38 +08:00:   address: '::',
2026-06-11 04:15:38 +08:00:   port: 3001
2026-06-11 04:15:38 +08:00: }
2026-06-11 04:15:39 +08:00: ⨯ Failed to start server
2026-06-11 04:15:39 +08:00: Error: listen EADDRINUSE: address already in use :::3001
2026-06-11 04:15:39 +08:00:     at <unknown> (Error: listen EADDRINUSE: address already in use :::3001)
2026-06-11 04:15:39 +08:00:     at new Promise (<anonymous>) {
2026-06-11 04:15:39 +08:00:   code: 'EADDRINUSE',
2026-06-11 04:15:39 +08:00:   errno: -98,
2026-06-11 04:15:39 +08:00:   syscall: 'listen',
2026-06-11 04:15:39 +08:00:   address: '::',
2026-06-11 04:15:39 +08:00:   port: 3001
2026-06-11 04:15:39 +08:00: }
2026-06-11 04:15:39 +08:00: ⨯ Failed to start server
2026-06-11 04:15:39 +08:00: Error: listen EADDRINUSE: address already in use :::3001
2026-06-11 04:15:39 +08:00:     at <unknown> (Error: listen EADDRINUSE: address already in use :::3001)
2026-06-11 04:15:39 +08:00:     at new Promise (<anonymous>) {
2026-06-11 04:15:39 +08:00:   code: 'EADDRINUSE',
2026-06-11 04:15:39 +08:00:   errno: -98,
2026-06-11 04:15:39 +08:00:   syscall: 'listen',
2026-06-11 04:15:39 +08:00:   address: '::',
2026-06-11 04:15:39 +08:00:   port: 3001
2026-06-11 04:15:39 +08:00: }
2026-06-11 04:15:40 +08:00: ⨯ Failed to start server
2026-06-11 04:15:40 +08:00: Error: listen EADDRINUSE: address already in use :::3001
2026-06-11 04:15:40 +08:00:     at <unknown> (Error: listen EADDRINUSE: address already in use :::3001)
2026-06-11 04:15:40 +08:00:     at new Promise (<anonymous>) {
2026-06-11 04:15:40 +08:00:   code: 'EADDRINUSE',
2026-06-11 04:15:40 +08:00:   errno: -98,
2026-06-11 04:15:40 +08:00:   syscall: 'listen',
2026-06-11 04:15:40 +08:00:   address: '::',
2026-06-11 04:15:40 +08:00:   port: 3001
2026-06-11 04:15:40 +08:00: }
2026-06-11 04:15:41 +08:00: ⨯ Failed to start server
2026-06-11 04:15:41 +08:00: Error: listen EADDRINUSE: address already in use :::3001
2026-06-11 04:15:41 +08:00:     at <unknown> (Error: listen EADDRINUSE: address already in use :::3001)
2026-06-11 04:15:41 +08:00:     at new Promise (<anonymous>) {
2026-06-11 04:15:41 +08:00:   code: 'EADDRINUSE',
2026-06-11 04:15:41 +08:00:   errno: -98,
2026-06-11 04:15:41 +08:00:   syscall: 'listen',
2026-06-11 04:15:41 +08:00:   address: '::',
2026-06-11 04:15:41 +08:00:   port: 3001
2026-06-11 04:15:41 +08:00: }
2026-06-11 04:15:43 +08:00: ⨯ Failed to start server
2026-06-11 04:15:43 +08:00: Error: listen EADDRINUSE: address already in use :::3001
2026-06-11 04:15:43 +08:00:     at <unknown> (Error: listen EADDRINUSE: address already in use :::3001)
2026-06-11 04:15:43 +08:00:     at new Promise (<anonymous>) {
2026-06-11 04:15:43 +08:00:   code: 'EADDRINUSE',
2026-06-11 04:15:43 +08:00:   errno: -98,
2026-06-11 04:15:43 +08:00:   syscall: 'listen',
2026-06-11 04:15:43 +08:00:   address: '::',
2026-06-11 04:15:43 +08:00:   port: 3001
2026-06-11 04:15:43 +08:00: }
2026-06-11 04:15:45 +08:00: ⨯ Failed to start server
2026-06-11 04:15:45 +08:00: Error: listen EADDRINUSE: address already in use :::3001
2026-06-11 04:15:45 +08:00:     at <unknown> (Error: listen EADDRINUSE: address already in use :::3001)
2026-06-11 04:15:45 +08:00:     at new Promise (<anonymous>) {
2026-06-11 04:15:45 +08:00:   code: 'EADDRINUSE',
2026-06-11 04:15:45 +08:00:   errno: -98,
2026-06-11 04:15:45 +08:00:   syscall: 'listen',
2026-06-11 04:15:45 +08:00:   address: '::',
2026-06-11 04:15:45 +08:00:   port: 3001
2026-06-11 04:15:45 +08:00: }
2026-06-11 04:15:48 +08:00: ⨯ Failed to start server
2026-06-11 04:15:48 +08:00: Error: listen EADDRINUSE: address already in use :::3001
2026-06-11 04:15:48 +08:00:     at <unknown> (Error: listen EADDRINUSE: address already in use :::3001)
2026-06-11 04:15:48 +08:00:     at new Promise (<anonymous>) {
2026-06-11 04:15:48 +08:00:   code: 'EADDRINUSE',
2026-06-11 04:15:48 +08:00:   errno: -98,
2026-06-11 04:15:48 +08:00:   syscall: 'listen',
2026-06-11 04:15:48 +08:00:   address: '::',
2026-06-11 04:15:48 +08:00:   port: 3001
2026-06-11 04:15:48 +08:00: }
2026-06-11 04:30:44 +08:00: ⨯ Failed to start server
2026-06-11 04:30:44 +08:00: Error: listen EADDRINUSE: address already in use :::3001
2026-06-11 04:30:44 +08:00:     at <unknown> (Error: listen EADDRINUSE: address already in use :::3001)
2026-06-11 04:30:44 +08:00:     at new Promise (<anonymous>) {
2026-06-11 04:30:44 +08:00:   code: 'EADDRINUSE',
2026-06-11 04:30:44 +08:00:   errno: -98,
2026-06-11 04:30:44 +08:00:   syscall: 'listen',
2026-06-11 04:30:44 +08:00:   address: '::',
2026-06-11 04:30:44 +08:00:   port: 3001
2026-06-11 04:30:44 +08:00: }
2026-06-11 04:30:44 +08:00: ⨯ Failed to start server
2026-06-11 04:30:44 +08:00: Error: listen EADDRINUSE: address already in use :::3001
2026-06-11 04:30:44 +08:00:     at <unknown> (Error: listen EADDRINUSE: address already in use :::3001)
2026-06-11 04:30:44 +08:00:     at new Promise (<anonymous>) {
2026-06-11 04:30:44 +08:00:   code: 'EADDRINUSE',
2026-06-11 04:30:44 +08:00:   errno: -98,
2026-06-11 04:30:44 +08:00:   syscall: 'listen',
2026-06-11 04:30:44 +08:00:   address: '::',
2026-06-11 04:30:44 +08:00:   port: 3001
2026-06-11 04:30:44 +08:00: }
2026-06-11 04:30:45 +08:00: ⨯ Failed to start server
2026-06-11 04:30:45 +08:00: Error: listen EADDRINUSE: address already in use :::3001
2026-06-11 04:30:45 +08:00:     at <unknown> (Error: listen EADDRINUSE: address already in use :::3001)
2026-06-11 04:30:45 +08:00:     at new Promise (<anonymous>) {
2026-06-11 04:30:45 +08:00:   code: 'EADDRINUSE',
2026-06-11 04:30:45 +08:00:   errno: -98,
2026-06-11 04:30:45 +08:00:   syscall: 'listen',
2026-06-11 04:30:45 +08:00:   address: '::',
2026-06-11 04:30:45 +08:00:   port: 3001
2026-06-11 04:30:45 +08:00: }
2026-06-11 04:30:45 +08:00: ⨯ Failed to start server
2026-06-11 04:30:45 +08:00: Error: listen EADDRINUSE: address already in use :::3001
2026-06-11 04:30:45 +08:00:     at <unknown> (Error: listen EADDRINUSE: address already in use :::3001)
2026-06-11 04:30:45 +08:00:     at new Promise (<anonymous>) {
2026-06-11 04:30:45 +08:00:   code: 'EADDRINUSE',
2026-06-11 04:30:45 +08:00:   errno: -98,
2026-06-11 04:30:45 +08:00:   syscall: 'listen',
2026-06-11 04:30:45 +08:00:   address: '::',
2026-06-11 04:30:45 +08:00:   port: 3001
2026-06-11 04:30:45 +08:00: }
2026-06-11 04:30:46 +08:00: ⨯ Failed to start server
2026-06-11 04:30:46 +08:00: Error: listen EADDRINUSE: address already in use :::3001
2026-06-11 04:30:46 +08:00:     at <unknown> (Error: listen EADDRINUSE: address already in use :::3001)
2026-06-11 04:30:46 +08:00:     at new Promise (<anonymous>) {
2026-06-11 04:30:46 +08:00:   code: 'EADDRINUSE',
2026-06-11 04:30:46 +08:00:   errno: -98,
2026-06-11 04:30:46 +08:00:   syscall: 'listen',
2026-06-11 04:30:46 +08:00:   address: '::',
2026-06-11 04:30:46 +08:00:   port: 3001
2026-06-11 04:30:46 +08:00: }
2026-06-11 04:30:47 +08:00: ⨯ Failed to start server
2026-06-11 04:30:47 +08:00: Error: listen EADDRINUSE: address already in use :::3001
2026-06-11 04:30:47 +08:00:     at <unknown> (Error: listen EADDRINUSE: address already in use :::3001)
2026-06-11 04:30:47 +08:00:     at new Promise (<anonymous>) {
2026-06-11 04:30:47 +08:00:   code: 'EADDRINUSE',
2026-06-11 04:30:47 +08:00:   errno: -98,
2026-06-11 04:30:47 +08:00:   syscall: 'listen',
2026-06-11 04:30:47 +08:00:   address: '::',
2026-06-11 04:30:47 +08:00:   port: 3001
2026-06-11 04:30:47 +08:00: }
2026-06-11 04:30:48 +08:00: ⨯ Failed to start server
2026-06-11 04:30:48 +08:00: Error: listen EADDRINUSE: address already in use :::3001
2026-06-11 04:30:48 +08:00:     at <unknown> (Error: listen EADDRINUSE: address already in use :::3001)
2026-06-11 04:30:48 +08:00:     at new Promise (<anonymous>) {
2026-06-11 04:30:48 +08:00:   code: 'EADDRINUSE',
2026-06-11 04:30:48 +08:00:   errno: -98,
2026-06-11 04:30:48 +08:00:   syscall: 'listen',
2026-06-11 04:30:48 +08:00:   address: '::',
2026-06-11 04:30:48 +08:00:   port: 3001
2026-06-11 04:30:48 +08:00: }
2026-06-11 04:30:49 +08:00: ⨯ Failed to start server
2026-06-11 04:30:49 +08:00: Error: listen EADDRINUSE: address already in use :::3001
2026-06-11 04:30:49 +08:00:     at <unknown> (Error: listen EADDRINUSE: address already in use :::3001)
2026-06-11 04:30:49 +08:00:     at new Promise (<anonymous>) {
2026-06-11 04:30:49 +08:00:   code: 'EADDRINUSE',
2026-06-11 04:30:50 +08:00:   errno: -98,
2026-06-11 04:30:50 +08:00:   syscall: 'listen',
2026-06-11 04:30:50 +08:00:   address: '::',
2026-06-11 04:30:50 +08:00:   port: 3001
2026-06-11 04:30:50 +08:00: }
2026-06-11 04:30:52 +08:00: ⨯ Failed to start server
2026-06-11 04:30:52 +08:00: Error: listen EADDRINUSE: address already in use :::3001
2026-06-11 04:30:52 +08:00:     at <unknown> (Error: listen EADDRINUSE: address already in use :::3001)
2026-06-11 04:30:52 +08:00:     at new Promise (<anonymous>) {
2026-06-11 04:30:52 +08:00:   code: 'EADDRINUSE',
2026-06-11 04:30:52 +08:00:   errno: -98,
2026-06-11 04:30:52 +08:00:   syscall: 'listen',
2026-06-11 04:30:52 +08:00:   address: '::',
2026-06-11 04:30:52 +08:00:   port: 3001
2026-06-11 04:30:52 +08:00: }
2026-06-11 04:30:55 +08:00: ⨯ Failed to start server
2026-06-11 04:30:55 +08:00: Error: listen EADDRINUSE: address already in use :::3001
2026-06-11 04:30:55 +08:00:     at <unknown> (Error: listen EADDRINUSE: address already in use :::3001)
2026-06-11 04:30:55 +08:00:     at new Promise (<anonymous>) {
2026-06-11 04:30:55 +08:00:   code: 'EADDRINUSE',
2026-06-11 04:30:55 +08:00:   errno: -98,
2026-06-11 04:30:55 +08:00:   syscall: 'listen',
2026-06-11 04:30:55 +08:00:   address: '::',
2026-06-11 04:30:55 +08:00:   port: 3001
2026-06-11 04:30:55 +08:00: }
2026-06-11 04:45:50 +08:00: ⨯ Failed to start server
2026-06-11 04:45:50 +08:00: Error: listen EADDRINUSE: address already in use :::3001
2026-06-11 04:45:50 +08:00:     at <unknown> (Error: listen EADDRINUSE: address already in use :::3001)
2026-06-11 04:45:50 +08:00:     at new Promise (<anonymous>) {
2026-06-11 04:45:50 +08:00:   code: 'EADDRINUSE',
2026-06-11 04:45:50 +08:00:   errno: -98,
2026-06-11 04:45:50 +08:00:   syscall: 'listen',
2026-06-11 04:45:50 +08:00:   address: '::',
2026-06-11 04:45:50 +08:00:   port: 3001
2026-06-11 04:45:50 +08:00: }
2026-06-11 04:45:51 +08:00: ⨯ Failed to start server
2026-06-11 04:45:51 +08:00: Error: listen EADDRINUSE: address already in use :::3001
2026-06-11 04:45:51 +08:00:     at <unknown> (Error: listen EADDRINUSE: address already in use :::3001)
2026-06-11 04:45:51 +08:00:     at new Promise (<anonymous>) {
2026-06-11 04:45:51 +08:00:   code: 'EADDRINUSE',
2026-06-11 04:45:51 +08:00:   errno: -98,
2026-06-11 04:45:51 +08:00:   syscall: 'listen',
2026-06-11 04:45:51 +08:00:   address: '::',
2026-06-11 04:45:51 +08:00:   port: 3001
2026-06-11 04:45:51 +08:00: }
2026-06-11 04:45:51 +08:00: ⨯ Failed to start server
2026-06-11 04:45:51 +08:00: Error: listen EADDRINUSE: address already in use :::3001
2026-06-11 04:45:51 +08:00:     at <unknown> (Error: listen EADDRINUSE: address already in use :::3001)
2026-06-11 04:45:51 +08:00:     at new Promise (<anonymous>) {
2026-06-11 04:45:51 +08:00:   code: 'EADDRINUSE',
2026-06-11 04:45:51 +08:00:   errno: -98,
2026-06-11 04:45:51 +08:00:   syscall: 'listen',
2026-06-11 04:45:51 +08:00:   address: '::',
2026-06-11 04:45:51 +08:00:   port: 3001
2026-06-11 04:45:51 +08:00: }
2026-06-11 04:45:52 +08:00: ⨯ Failed to start server
2026-06-11 04:45:52 +08:00: Error: listen EADDRINUSE: address already in use :::3001
2026-06-11 04:45:52 +08:00:     at <unknown> (Error: listen EADDRINUSE: address already in use :::3001)
2026-06-11 04:45:52 +08:00:     at new Promise (<anonymous>) {
2026-06-11 04:45:52 +08:00:   code: 'EADDRINUSE',
2026-06-11 04:45:52 +08:00:   errno: -98,
2026-06-11 04:45:52 +08:00:   syscall: 'listen',
2026-06-11 04:45:52 +08:00:   address: '::',
2026-06-11 04:45:52 +08:00:   port: 3001
2026-06-11 04:45:52 +08:00: }
2026-06-11 04:45:53 +08:00: ⨯ Failed to start server
2026-06-11 04:45:53 +08:00: Error: listen EADDRINUSE: address already in use :::3001
2026-06-11 04:45:53 +08:00:     at <unknown> (Error: listen EADDRINUSE: address already in use :::3001)
2026-06-11 04:45:53 +08:00:     at new Promise (<anonymous>) {
2026-06-11 04:45:53 +08:00:   code: 'EADDRINUSE',
2026-06-11 04:45:53 +08:00:   errno: -98,
2026-06-11 04:45:53 +08:00:   syscall: 'listen',
2026-06-11 04:45:53 +08:00:   address: '::',
2026-06-11 04:45:53 +08:00:   port: 3001
2026-06-11 04:45:53 +08:00: }
2026-06-11 04:45:54 +08:00: ⨯ Failed to start server
2026-06-11 04:45:54 +08:00: Error: listen EADDRINUSE: address already in use :::3001
2026-06-11 04:45:54 +08:00:     at <unknown> (Error: listen EADDRINUSE: address already in use :::3001)
2026-06-11 04:45:54 +08:00:     at new Promise (<anonymous>) {
2026-06-11 04:45:54 +08:00:   code: 'EADDRINUSE',
2026-06-11 04:45:54 +08:00:   errno: -98,
2026-06-11 04:45:54 +08:00:   syscall: 'listen',
2026-06-11 04:45:54 +08:00:   address: '::',
2026-06-11 04:45:54 +08:00:   port: 3001
2026-06-11 04:45:54 +08:00: }
2026-06-11 04:45:55 +08:00: ⨯ Failed to start server
2026-06-11 04:45:55 +08:00: Error: listen EADDRINUSE: address already in use :::3001
2026-06-11 04:45:55 +08:00:     at <unknown> (Error: listen EADDRINUSE: address already in use :::3001)
2026-06-11 04:45:55 +08:00:     at new Promise (<anonymous>) {
2026-06-11 04:45:55 +08:00:   code: 'EADDRINUSE',
2026-06-11 04:45:55 +08:00:   errno: -98,
2026-06-11 04:45:55 +08:00:   syscall: 'listen',
2026-06-11 04:45:55 +08:00:   address: '::',
2026-06-11 04:45:55 +08:00:   port: 3001
2026-06-11 04:45:55 +08:00: }
2026-06-11 04:45:56 +08:00: ⨯ Failed to start server
2026-06-11 04:45:56 +08:00: Error: listen EADDRINUSE: address already in use :::3001
2026-06-11 04:45:56 +08:00:     at <unknown> (Error: listen EADDRINUSE: address already in use :::3001)
2026-06-11 04:45:56 +08:00:     at new Promise (<anonymous>) {
2026-06-11 04:45:56 +08:00:   code: 'EADDRINUSE',
2026-06-11 04:45:56 +08:00:   errno: -98,
2026-06-11 04:45:56 +08:00:   syscall: 'listen',
2026-06-11 04:45:56 +08:00:   address: '::',
2026-06-11 04:45:56 +08:00:   port: 3001
2026-06-11 04:45:56 +08:00: }
2026-06-11 04:45:58 +08:00: ⨯ Failed to start server
2026-06-11 04:45:58 +08:00: Error: listen EADDRINUSE: address already in use :::3001
2026-06-11 04:45:58 +08:00:     at <unknown> (Error: listen EADDRINUSE: address already in use :::3001)
2026-06-11 04:45:58 +08:00:     at new Promise (<anonymous>) {
2026-06-11 04:45:58 +08:00:   code: 'EADDRINUSE',
2026-06-11 04:45:58 +08:00:   errno: -98,
2026-06-11 04:45:58 +08:00:   syscall: 'listen',
2026-06-11 04:45:58 +08:00:   address: '::',
2026-06-11 04:45:58 +08:00:   port: 3001
2026-06-11 04:45:58 +08:00: }
2026-06-11 04:46:01 +08:00: ⨯ Failed to start server
2026-06-11 04:46:01 +08:00: Error: listen EADDRINUSE: address already in use :::3001
2026-06-11 04:46:01 +08:00:     at <unknown> (Error: listen EADDRINUSE: address already in use :::3001)
2026-06-11 04:46:01 +08:00:     at new Promise (<anonymous>) {
2026-06-11 04:46:01 +08:00:   code: 'EADDRINUSE',
2026-06-11 04:46:01 +08:00:   errno: -98,
2026-06-11 04:46:01 +08:00:   syscall: 'listen',
2026-06-11 04:46:01 +08:00:   address: '::',
2026-06-11 04:46:01 +08:00:   port: 3001
2026-06-11 04:46:01 +08:00: }
2026-06-11 05:00:57 +08:00: ⨯ Failed to start server
2026-06-11 05:00:57 +08:00: Error: listen EADDRINUSE: address already in use :::3001
2026-06-11 05:00:57 +08:00:     at <unknown> (Error: listen EADDRINUSE: address already in use :::3001)
2026-06-11 05:00:57 +08:00:     at new Promise (<anonymous>) {
2026-06-11 05:00:57 +08:00:   code: 'EADDRINUSE',
2026-06-11 05:00:57 +08:00:   errno: -98,
2026-06-11 05:00:57 +08:00:   syscall: 'listen',
2026-06-11 05:00:57 +08:00:   address: '::',
2026-06-11 05:00:57 +08:00:   port: 3001
2026-06-11 05:00:57 +08:00: }
2026-06-11 05:00:57 +08:00: ⨯ Failed to start server
2026-06-11 05:00:57 +08:00: Error: listen EADDRINUSE: address already in use :::3001
2026-06-11 05:00:57 +08:00:     at <unknown> (Error: listen EADDRINUSE: address already in use :::3001)
2026-06-11 05:00:57 +08:00:     at new Promise (<anonymous>) {
2026-06-11 05:00:57 +08:00:   code: 'EADDRINUSE',
2026-06-11 05:00:57 +08:00:   errno: -98,
2026-06-11 05:00:57 +08:00:   syscall: 'listen',
2026-06-11 05:00:57 +08:00:   address: '::',
2026-06-11 05:00:57 +08:00:   port: 3001
2026-06-11 05:00:57 +08:00: }
2026-06-11 05:00:58 +08:00: ⨯ Failed to start server
2026-06-11 05:00:58 +08:00: Error: listen EADDRINUSE: address already in use :::3001
2026-06-11 05:00:58 +08:00:     at <unknown> (Error: listen EADDRINUSE: address already in use :::3001)
2026-06-11 05:00:58 +08:00:     at new Promise (<anonymous>) {
2026-06-11 05:00:58 +08:00:   code: 'EADDRINUSE',
2026-06-11 05:00:58 +08:00:   errno: -98,
2026-06-11 05:00:58 +08:00:   syscall: 'listen',
2026-06-11 05:00:58 +08:00:   address: '::',
2026-06-11 05:00:58 +08:00:   port: 3001
2026-06-11 05:00:58 +08:00: }
2026-06-11 05:00:58 +08:00: ⨯ Failed to start server
2026-06-11 05:00:58 +08:00: Error: listen EADDRINUSE: address already in use :::3001
2026-06-11 05:00:58 +08:00:     at <unknown> (Error: listen EADDRINUSE: address already in use :::3001)
2026-06-11 05:00:58 +08:00:     at new Promise (<anonymous>) {
2026-06-11 05:00:58 +08:00:   code: 'EADDRINUSE',
2026-06-11 05:00:58 +08:00:   errno: -98,
2026-06-11 05:00:58 +08:00:   syscall: 'listen',
2026-06-11 05:00:58 +08:00:   address: '::',
2026-06-11 05:00:58 +08:00:   port: 3001
2026-06-11 05:00:58 +08:00: }
2026-06-11 05:00:59 +08:00: ⨯ Failed to start server
2026-06-11 05:00:59 +08:00: Error: listen EADDRINUSE: address already in use :::3001
2026-06-11 05:00:59 +08:00:     at <unknown> (Error: listen EADDRINUSE: address already in use :::3001)
2026-06-11 05:00:59 +08:00:     at new Promise (<anonymous>) {
2026-06-11 05:00:59 +08:00:   code: 'EADDRINUSE',
2026-06-11 05:00:59 +08:00:   errno: -98,
2026-06-11 05:00:59 +08:00:   syscall: 'listen',
2026-06-11 05:00:59 +08:00:   address: '::',
2026-06-11 05:00:59 +08:00:   port: 3001
2026-06-11 05:00:59 +08:00: }
2026-06-11 05:01:00 +08:00: ⨯ Failed to start server
2026-06-11 05:01:00 +08:00: Error: listen EADDRINUSE: address already in use :::3001
2026-06-11 05:01:00 +08:00:     at <unknown> (Error: listen EADDRINUSE: address already in use :::3001)
2026-06-11 05:01:00 +08:00:     at new Promise (<anonymous>) {
2026-06-11 05:01:00 +08:00:   code: 'EADDRINUSE',
2026-06-11 05:01:00 +08:00:   errno: -98,
2026-06-11 05:01:00 +08:00:   syscall: 'listen',
2026-06-11 05:01:00 +08:00:   address: '::',
2026-06-11 05:01:00 +08:00:   port: 3001
2026-06-11 05:01:00 +08:00: }
2026-06-11 05:01:01 +08:00: ⨯ Failed to start server
2026-06-11 05:01:01 +08:00: Error: listen EADDRINUSE: address already in use :::3001
2026-06-11 05:01:01 +08:00:     at <unknown> (Error: listen EADDRINUSE: address already in use :::3001)
2026-06-11 05:01:01 +08:00:     at new Promise (<anonymous>) {
2026-06-11 05:01:01 +08:00:   code: 'EADDRINUSE',
2026-06-11 05:01:01 +08:00:   errno: -98,
2026-06-11 05:01:01 +08:00:   syscall: 'listen',
2026-06-11 05:01:01 +08:00:   address: '::',
2026-06-11 05:01:01 +08:00:   port: 3001
2026-06-11 05:01:01 +08:00: }
2026-06-11 05:01:03 +08:00: ⨯ Failed to start server
2026-06-11 05:01:03 +08:00: Error: listen EADDRINUSE: address already in use :::3001
2026-06-11 05:01:03 +08:00:     at <unknown> (Error: listen EADDRINUSE: address already in use :::3001)
2026-06-11 05:01:03 +08:00:     at new Promise (<anonymous>) {
2026-06-11 05:01:03 +08:00:   code: 'EADDRINUSE',
2026-06-11 05:01:03 +08:00:   errno: -98,
2026-06-11 05:01:03 +08:00:   syscall: 'listen',
2026-06-11 05:01:03 +08:00:   address: '::',
2026-06-11 05:01:03 +08:00:   port: 3001
2026-06-11 05:01:03 +08:00: }
2026-06-11 05:01:05 +08:00: ⨯ Failed to start server
2026-06-11 05:01:05 +08:00: Error: listen EADDRINUSE: address already in use :::3001
2026-06-11 05:01:05 +08:00:     at <unknown> (Error: listen EADDRINUSE: address already in use :::3001)
2026-06-11 05:01:05 +08:00:     at new Promise (<anonymous>) {
2026-06-11 05:01:05 +08:00:   code: 'EADDRINUSE',
2026-06-11 05:01:05 +08:00:   errno: -98,
2026-06-11 05:01:05 +08:00:   syscall: 'listen',
2026-06-11 05:01:05 +08:00:   address: '::',
2026-06-11 05:01:05 +08:00:   port: 3001
2026-06-11 05:01:05 +08:00: }
2026-06-11 05:01:08 +08:00: ⨯ Failed to start server
2026-06-11 05:01:08 +08:00: Error: listen EADDRINUSE: address already in use :::3001
2026-06-11 05:01:08 +08:00:     at <unknown> (Error: listen EADDRINUSE: address already in use :::3001)
2026-06-11 05:01:08 +08:00:     at new Promise (<anonymous>) {
2026-06-11 05:01:08 +08:00:   code: 'EADDRINUSE',
2026-06-11 05:01:08 +08:00:   errno: -98,
2026-06-11 05:01:08 +08:00:   syscall: 'listen',
2026-06-11 05:01:08 +08:00:   address: '::',
2026-06-11 05:01:08 +08:00:   port: 3001
2026-06-11 05:01:08 +08:00: }
2026-06-11 05:15:03 +08:00: ⨯ Failed to start server
2026-06-11 05:15:03 +08:00: Error: listen EADDRINUSE: address already in use :::3001
2026-06-11 05:15:03 +08:00:     at <unknown> (Error: listen EADDRINUSE: address already in use :::3001)
2026-06-11 05:15:03 +08:00:     at new Promise (<anonymous>) {
2026-06-11 05:15:03 +08:00:   code: 'EADDRINUSE',
2026-06-11 05:15:03 +08:00:   errno: -98,
2026-06-11 05:15:03 +08:00:   syscall: 'listen',
2026-06-11 05:15:03 +08:00:   address: '::',
2026-06-11 05:15:03 +08:00:   port: 3001
2026-06-11 05:15:03 +08:00: }
2026-06-11 05:15:04 +08:00: ⨯ Failed to start server
2026-06-11 05:15:04 +08:00: Error: listen EADDRINUSE: address already in use :::3001
2026-06-11 05:15:04 +08:00:     at <unknown> (Error: listen EADDRINUSE: address already in use :::3001)
2026-06-11 05:15:04 +08:00:     at new Promise (<anonymous>) {
2026-06-11 05:15:04 +08:00:   code: 'EADDRINUSE',
2026-06-11 05:15:04 +08:00:   errno: -98,
2026-06-11 05:15:04 +08:00:   syscall: 'listen',
2026-06-11 05:15:04 +08:00:   address: '::',
2026-06-11 05:15:04 +08:00:   port: 3001
2026-06-11 05:15:04 +08:00: }
2026-06-11 05:15:04 +08:00: ⨯ Failed to start server
2026-06-11 05:15:04 +08:00: Error: listen EADDRINUSE: address already in use :::3001
2026-06-11 05:15:04 +08:00:     at <unknown> (Error: listen EADDRINUSE: address already in use :::3001)
2026-06-11 05:15:04 +08:00:     at new Promise (<anonymous>) {
2026-06-11 05:15:04 +08:00:   code: 'EADDRINUSE',
2026-06-11 05:15:04 +08:00:   errno: -98,
2026-06-11 05:15:04 +08:00:   syscall: 'listen',
2026-06-11 05:15:04 +08:00:   address: '::',
2026-06-11 05:15:04 +08:00:   port: 3001
2026-06-11 05:15:04 +08:00: }
2026-06-11 05:15:05 +08:00: ⨯ Failed to start server
2026-06-11 05:15:05 +08:00: Error: listen EADDRINUSE: address already in use :::3001
2026-06-11 05:15:05 +08:00:     at <unknown> (Error: listen EADDRINUSE: address already in use :::3001)
2026-06-11 05:15:05 +08:00:     at new Promise (<anonymous>) {
2026-06-11 05:15:05 +08:00:   code: 'EADDRINUSE',
2026-06-11 05:15:05 +08:00:   errno: -98,
2026-06-11 05:15:05 +08:00:   syscall: 'listen',
2026-06-11 05:15:05 +08:00:   address: '::',
2026-06-11 05:15:05 +08:00:   port: 3001
2026-06-11 05:15:05 +08:00: }
2026-06-11 05:15:06 +08:00: ⨯ Failed to start server
2026-06-11 05:15:06 +08:00: Error: listen EADDRINUSE: address already in use :::3001
2026-06-11 05:15:06 +08:00:     at <unknown> (Error: listen EADDRINUSE: address already in use :::3001)
2026-06-11 05:15:06 +08:00:     at new Promise (<anonymous>) {
2026-06-11 05:15:06 +08:00:   code: 'EADDRINUSE',
2026-06-11 05:15:06 +08:00:   errno: -98,
2026-06-11 05:15:06 +08:00:   syscall: 'listen',
2026-06-11 05:15:06 +08:00:   address: '::',
2026-06-11 05:15:06 +08:00:   port: 3001
2026-06-11 05:15:06 +08:00: }
2026-06-11 05:15:07 +08:00: ⨯ Failed to start server
2026-06-11 05:15:07 +08:00: Error: listen EADDRINUSE: address already in use :::3001
2026-06-11 05:15:07 +08:00:     at <unknown> (Error: listen EADDRINUSE: address already in use :::3001)
2026-06-11 05:15:07 +08:00:     at new Promise (<anonymous>) {
2026-06-11 05:15:07 +08:00:   code: 'EADDRINUSE',
2026-06-11 05:15:07 +08:00:   errno: -98,
2026-06-11 05:15:07 +08:00:   syscall: 'listen',
2026-06-11 05:15:07 +08:00:   address: '::',
2026-06-11 05:15:07 +08:00:   port: 3001
2026-06-11 05:15:07 +08:00: }
2026-06-11 05:15:08 +08:00: ⨯ Failed to start server
2026-06-11 05:15:08 +08:00: Error: listen EADDRINUSE: address already in use :::3001
2026-06-11 05:15:08 +08:00:     at <unknown> (Error: listen EADDRINUSE: address already in use :::3001)
2026-06-11 05:15:08 +08:00:     at new Promise (<anonymous>) {
2026-06-11 05:15:08 +08:00:   code: 'EADDRINUSE',
2026-06-11 05:15:08 +08:00:   errno: -98,
2026-06-11 05:15:08 +08:00:   syscall: 'listen',
2026-06-11 05:15:08 +08:00:   address: '::',
2026-06-11 05:15:08 +08:00:   port: 3001
2026-06-11 05:15:08 +08:00: }
2026-06-11 05:15:09 +08:00: ⨯ Failed to start server
2026-06-11 05:15:09 +08:00: Error: listen EADDRINUSE: address already in use :::3001
2026-06-11 05:15:09 +08:00:     at <unknown> (Error: listen EADDRINUSE: address already in use :::3001)
2026-06-11 05:15:09 +08:00:     at new Promise (<anonymous>) {
2026-06-11 05:15:09 +08:00:   code: 'EADDRINUSE',
2026-06-11 05:15:09 +08:00:   errno: -98,
2026-06-11 05:15:09 +08:00:   syscall: 'listen',
2026-06-11 05:15:09 +08:00:   address: '::',
2026-06-11 05:15:09 +08:00:   port: 3001
2026-06-11 05:15:09 +08:00: }
2026-06-11 05:15:11 +08:00: ⨯ Failed to start server
2026-06-11 05:15:11 +08:00: Error: listen EADDRINUSE: address already in use :::3001
2026-06-11 05:15:11 +08:00:     at <unknown> (Error: listen EADDRINUSE: address already in use :::3001)
2026-06-11 05:15:11 +08:00:     at new Promise (<anonymous>) {
2026-06-11 05:15:11 +08:00:   code: 'EADDRINUSE',
2026-06-11 05:15:11 +08:00:   errno: -98,
2026-06-11 05:15:11 +08:00:   syscall: 'listen',
2026-06-11 05:15:11 +08:00:   address: '::',
2026-06-11 05:15:11 +08:00:   port: 3001
2026-06-11 05:15:11 +08:00: }
2026-06-11 05:15:14 +08:00: ⨯ Failed to start server
2026-06-11 05:15:14 +08:00: Error: listen EADDRINUSE: address already in use :::3001
2026-06-11 05:15:14 +08:00:     at <unknown> (Error: listen EADDRINUSE: address already in use :::3001)
2026-06-11 05:15:14 +08:00:     at new Promise (<anonymous>) {
2026-06-11 05:15:14 +08:00:   code: 'EADDRINUSE',
2026-06-11 05:15:14 +08:00:   errno: -98,
2026-06-11 05:15:14 +08:00:   syscall: 'listen',
2026-06-11 05:15:14 +08:00:   address: '::',
2026-06-11 05:15:14 +08:00:   port: 3001
2026-06-11 05:15:14 +08:00: }
2026-06-11 05:30:10 +08:00: ⨯ Failed to start server
2026-06-11 05:30:10 +08:00: Error: listen EADDRINUSE: address already in use :::3001
2026-06-11 05:30:10 +08:00:     at <unknown> (Error: listen EADDRINUSE: address already in use :::3001)
2026-06-11 05:30:10 +08:00:     at new Promise (<anonymous>) {
2026-06-11 05:30:10 +08:00:   code: 'EADDRINUSE',
2026-06-11 05:30:10 +08:00:   errno: -98,
2026-06-11 05:30:10 +08:00:   syscall: 'listen',
2026-06-11 05:30:10 +08:00:   address: '::',
2026-06-11 05:30:10 +08:00:   port: 3001
2026-06-11 05:30:10 +08:00: }
2026-06-11 05:30:11 +08:00: ⨯ Failed to start server
2026-06-11 05:30:11 +08:00: Error: listen EADDRINUSE: address already in use :::3001
2026-06-11 05:30:11 +08:00:     at <unknown> (Error: listen EADDRINUSE: address already in use :::3001)
2026-06-11 05:30:11 +08:00:     at new Promise (<anonymous>) {
2026-06-11 05:30:11 +08:00:   code: 'EADDRINUSE',
2026-06-11 05:30:11 +08:00:   errno: -98,
2026-06-11 05:30:11 +08:00:   syscall: 'listen',
2026-06-11 05:30:11 +08:00:   address: '::',
2026-06-11 05:30:11 +08:00:   port: 3001
2026-06-11 05:30:11 +08:00: }
2026-06-11 05:30:11 +08:00: ⨯ Failed to start server
2026-06-11 05:30:11 +08:00: Error: listen EADDRINUSE: address already in use :::3001
2026-06-11 05:30:11 +08:00:     at <unknown> (Error: listen EADDRINUSE: address already in use :::3001)
2026-06-11 05:30:11 +08:00:     at new Promise (<anonymous>) {
2026-06-11 05:30:11 +08:00:   code: 'EADDRINUSE',
2026-06-11 05:30:11 +08:00:   errno: -98,
2026-06-11 05:30:11 +08:00:   syscall: 'listen',
2026-06-11 05:30:11 +08:00:   address: '::',
2026-06-11 05:30:11 +08:00:   port: 3001
2026-06-11 05:30:11 +08:00: }
2026-06-11 05:30:12 +08:00: ⨯ Failed to start server
2026-06-11 05:30:12 +08:00: Error: listen EADDRINUSE: address already in use :::3001
2026-06-11 05:30:12 +08:00:     at <unknown> (Error: listen EADDRINUSE: address already in use :::3001)
2026-06-11 05:30:12 +08:00:     at new Promise (<anonymous>) {
2026-06-11 05:30:12 +08:00:   code: 'EADDRINUSE',
2026-06-11 05:30:12 +08:00:   errno: -98,
2026-06-11 05:30:12 +08:00:   syscall: 'listen',
2026-06-11 05:30:12 +08:00:   address: '::',
2026-06-11 05:30:12 +08:00:   port: 3001
2026-06-11 05:30:12 +08:00: }
2026-06-11 05:30:13 +08:00: ⨯ Failed to start server
2026-06-11 05:30:13 +08:00: Error: listen EADDRINUSE: address already in use :::3001
2026-06-11 05:30:13 +08:00:     at <unknown> (Error: listen EADDRINUSE: address already in use :::3001)
2026-06-11 05:30:13 +08:00:     at new Promise (<anonymous>) {
2026-06-11 05:30:13 +08:00:   code: 'EADDRINUSE',
2026-06-11 05:30:13 +08:00:   errno: -98,
2026-06-11 05:30:13 +08:00:   syscall: 'listen',
2026-06-11 05:30:13 +08:00:   address: '::',
2026-06-11 05:30:13 +08:00:   port: 3001
2026-06-11 05:30:13 +08:00: }
2026-06-11 05:30:14 +08:00: ⨯ Failed to start server
2026-06-11 05:30:14 +08:00: Error: listen EADDRINUSE: address already in use :::3001
2026-06-11 05:30:14 +08:00:     at <unknown> (Error: listen EADDRINUSE: address already in use :::3001)
2026-06-11 05:30:14 +08:00:     at new Promise (<anonymous>) {
2026-06-11 05:30:14 +08:00:   code: 'EADDRINUSE',
2026-06-11 05:30:14 +08:00:   errno: -98,
2026-06-11 05:30:14 +08:00:   syscall: 'listen',
2026-06-11 05:30:14 +08:00:   address: '::',
2026-06-11 05:30:14 +08:00:   port: 3001
2026-06-11 05:30:14 +08:00: }
2026-06-11 05:30:15 +08:00: ⨯ Failed to start server
2026-06-11 05:30:15 +08:00: Error: listen EADDRINUSE: address already in use :::3001
2026-06-11 05:30:15 +08:00:     at <unknown> (Error: listen EADDRINUSE: address already in use :::3001)
2026-06-11 05:30:15 +08:00:     at new Promise (<anonymous>) {
2026-06-11 05:30:15 +08:00:   code: 'EADDRINUSE',
2026-06-11 05:30:15 +08:00:   errno: -98,
2026-06-11 05:30:15 +08:00:   syscall: 'listen',
2026-06-11 05:30:15 +08:00:   address: '::',
2026-06-11 05:30:15 +08:00:   port: 3001
2026-06-11 05:30:15 +08:00: }
2026-06-11 05:30:17 +08:00: ⨯ Failed to start server
2026-06-11 05:30:17 +08:00: Error: listen EADDRINUSE: address already in use :::3001
2026-06-11 05:30:17 +08:00:     at <unknown> (Error: listen EADDRINUSE: address already in use :::3001)
2026-06-11 05:30:17 +08:00:     at new Promise (<anonymous>) {
2026-06-11 05:30:17 +08:00:   code: 'EADDRINUSE',
2026-06-11 05:30:17 +08:00:   errno: -98,
2026-06-11 05:30:17 +08:00:   syscall: 'listen',
2026-06-11 05:30:17 +08:00:   address: '::',
2026-06-11 05:30:17 +08:00:   port: 3001
2026-06-11 05:30:17 +08:00: }
2026-06-11 05:30:19 +08:00: ⨯ Failed to start server
2026-06-11 05:30:19 +08:00: Error: listen EADDRINUSE: address already in use :::3001
2026-06-11 05:30:19 +08:00:     at <unknown> (Error: listen EADDRINUSE: address already in use :::3001)
2026-06-11 05:30:19 +08:00:     at new Promise (<anonymous>) {
2026-06-11 05:30:19 +08:00:   code: 'EADDRINUSE',
2026-06-11 05:30:19 +08:00:   errno: -98,
2026-06-11 05:30:19 +08:00:   syscall: 'listen',
2026-06-11 05:30:19 +08:00:   address: '::',
2026-06-11 05:30:19 +08:00:   port: 3001
2026-06-11 05:30:19 +08:00: }
2026-06-11 05:30:22 +08:00: ⨯ Failed to start server
2026-06-11 05:30:22 +08:00: Error: listen EADDRINUSE: address already in use :::3001
2026-06-11 05:30:22 +08:00:     at <unknown> (Error: listen EADDRINUSE: address already in use :::3001)
2026-06-11 05:30:22 +08:00:     at new Promise (<anonymous>) {
2026-06-11 05:30:22 +08:00:   code: 'EADDRINUSE',
2026-06-11 05:30:22 +08:00:   errno: -98,
2026-06-11 05:30:22 +08:00:   syscall: 'listen',
2026-06-11 05:30:22 +08:00:   address: '::',
2026-06-11 05:30:22 +08:00:   port: 3001
2026-06-11 05:30:22 +08:00: }
