2026-06-10 21:53:42 +08:00: 
2026-06-10 21:53:42 +08:00: > newme-platform@0.1.0 start
2026-06-10 21:53:42 +08:00: > next start
2026-06-10 21:53:42 +08:00: 
2026-06-10 21:53:42 +08:00: ▲ Next.js 16.2.6
2026-06-10 21:53:42 +08:00: - Local:         http://localhost:3001
2026-06-10 21:53:42 +08:00: - Network:       http://10.3.0.12:3001
2026-06-10 21:53:42 +08:00: ✓ Ready in 195ms
2026-06-10 22:30:18 +08:00: 
2026-06-10 22:30:18 +08:00: > newme-platform@0.1.0 start
2026-06-10 22:30:18 +08:00: > next start
2026-06-10 22:30:18 +08:00: 
2026-06-10 22:30:18 +08:00: ▲ Next.js 16.2.6
2026-06-10 22:30:18 +08:00: - Local:         http://localhost:3001
2026-06-10 22:30:18 +08:00: - Network:       http://10.3.0.12:3001
2026-06-10 22:30:18 +08:00: ✓ Ready in 196ms
2026-06-10 22:45:25 +08:00: 
2026-06-10 22:45:25 +08:00: > newme-platform@0.1.0 start
2026-06-10 22:45:25 +08:00: > next start
2026-06-10 22:45:25 +08:00: 
2026-06-10 22:45:25 +08:00: ▲ Next.js 16.2.6
2026-06-10 22:45:25 +08:00: - Local:         http://localhost:3001
2026-06-10 22:45:25 +08:00: - Network:       http://10.3.0.12:3001
2026-06-10 22:45:25 +08:00: ✓ Ready in 132ms
2026-06-10 23:00:31 +08:00: 
2026-06-10 23:00:31 +08:00: > newme-platform@0.1.0 start
2026-06-10 23:00:31 +08:00: > next start
2026-06-10 23:00:31 +08:00: 
2026-06-10 23:00:32 +08:00: ▲ Next.js 16.2.6
2026-06-10 23:00:32 +08:00: - Local:         http://localhost:3001
2026-06-10 23:00:32 +08:00: - Network:       http://10.3.0.12:3001
2026-06-10 23:00:32 +08:00: ✓ Ready in 129ms
2026-06-10 23:15:39 +08:00: 
2026-06-10 23:15:39 +08:00: > newme-platform@0.1.0 start
2026-06-10 23:15:39 +08:00: > next start
2026-06-10 23:15:39 +08:00: 
2026-06-10 23:15:39 +08:00: ▲ Next.js 16.2.6
2026-06-10 23:15:39 +08:00: - Local:         http://localhost:3001
2026-06-10 23:15:39 +08:00: - Network:       http://10.3.0.12:3001
2026-06-10 23:15:39 +08:00: ✓ Ready in 139ms
2026-06-10 23:30:46 +08:00: 
2026-06-10 23:30:46 +08:00: > newme-platform@0.1.0 start
2026-06-10 23:30:46 +08:00: > next start
2026-06-10 23:30:46 +08:00: 
2026-06-10 23:30:46 +08:00: ▲ Next.js 16.2.6
2026-06-10 23:30:46 +08:00: - Local:         http://localhost:3001
2026-06-10 23:30:46 +08:00: - Network:       http://10.3.0.12:3001
2026-06-10 23:30:46 +08:00: ✓ Ready in 137ms
2026-06-10 23:45:58 +08:00: 
2026-06-10 23:45:58 +08:00: > newme-platform@0.1.0 start
2026-06-10 23:45:58 +08:00: > next start
2026-06-10 23:45:58 +08:00: 
2026-06-10 23:45:58 +08:00: ▲ Next.js 16.2.6
2026-06-10 23:45:58 +08:00: - Local:         http://localhost:3001
2026-06-10 23:45:58 +08:00: - Network:       http://10.3.0.12:3001
2026-06-10 23:45:58 +08:00: ✓ Ready in 195ms
2026-06-10 23:45:59 +08:00: 
2026-06-10 23:45:59 +08:00: > newme-platform@0.1.0 start
2026-06-10 23:45:59 +08:00: > next start
2026-06-10 23:45:59 +08:00: 
2026-06-10 23:46:00 +08:00: ▲ Next.js 16.2.6
2026-06-10 23:46:00 +08:00: - Local:         http://localhost:3001
2026-06-10 23:46:00 +08:00: - Network:       http://10.3.0.12:3001
2026-06-10 23:46:00 +08:00: ✓ Ready in 527ms
2026-06-10 23:46:00 +08:00: 
2026-06-10 23:46:00 +08:00: > newme-platform@0.1.0 start
2026-06-10 23:46:00 +08:00: > next start
2026-06-10 23:46:00 +08:00: 
2026-06-10 23:46:01 +08:00: ▲ Next.js 16.2.6
2026-06-10 23:46:01 +08:00: - Local:         http://localhost:3001
2026-06-10 23:46:01 +08:00: - Network:       http://10.3.0.12:3001
2026-06-10 23:46:01 +08:00: ✓ Ready in 253ms
2026-06-10 23:46:02 +08:00: 
2026-06-10 23:46:02 +08:00: > newme-platform@0.1.0 start
2026-06-10 23:46:02 +08:00: > next start
2026-06-10 23:46:02 +08:00: 
2026-06-10 23:46:02 +08:00: ▲ Next.js 16.2.6
2026-06-10 23:46:02 +08:00: - Local:         http://localhost:3001
2026-06-10 23:46:02 +08:00: - Network:       http://10.3.0.12:3001
2026-06-10 23:46:02 +08:00: ✓ Ready in 254ms
2026-06-10 23:46:03 +08:00: 
2026-06-10 23:46:03 +08:00: > newme-platform@0.1.0 start
2026-06-10 23:46:03 +08:00: > next start
2026-06-10 23:46:03 +08:00: 
2026-06-10 23:46:03 +08:00: ▲ Next.js 16.2.6
2026-06-10 23:46:03 +08:00: - Local:         http://localhost:3001
2026-06-10 23:46:03 +08:00: - Network:       http://10.3.0.12:3001
2026-06-10 23:46:03 +08:00: ✓ Ready in 181ms
2026-06-10 23:46:04 +08:00: 
2026-06-10 23:46:04 +08:00: > newme-platform@0.1.0 start
2026-06-10 23:46:04 +08:00: > next start
2026-06-10 23:46:04 +08:00: 
2026-06-10 23:46:05 +08:00: ▲ Next.js 16.2.6
2026-06-10 23:46:05 +08:00: - Local:         http://localhost:3001
2026-06-10 23:46:05 +08:00: - Network:       http://10.3.0.12:3001
2026-06-10 23:46:05 +08:00: ✓ Ready in 307ms
2026-06-10 23:46:06 +08:00: 
2026-06-10 23:46:06 +08:00: > newme-platform@0.1.0 start
2026-06-10 23:46:06 +08:00: > next start
2026-06-10 23:46:06 +08:00: 
2026-06-10 23:46:07 +08:00: ▲ Next.js 16.2.6
2026-06-10 23:46:07 +08:00: - Local:         http://localhost:3001
2026-06-10 23:46:07 +08:00: - Network:       http://10.3.0.12:3001
2026-06-10 23:46:07 +08:00: ✓ Ready in 236ms
2026-06-10 23:46:09 +08:00: 
2026-06-10 23:46:09 +08:00: > newme-platform@0.1.0 start
2026-06-10 23:46:09 +08:00: > next start
2026-06-10 23:46:09 +08:00: 
2026-06-10 23:46:09 +08:00: ▲ Next.js 16.2.6
2026-06-10 23:46:09 +08:00: - Local:         http://localhost:3001
2026-06-10 23:46:09 +08:00: - Network:       http://10.3.0.12:3001
2026-06-10 23:46:09 +08:00: ✓ Ready in 236ms
2026-06-10 23:46:13 +08:00: 
2026-06-10 23:46:13 +08:00: > newme-platform@0.1.0 start
2026-06-10 23:46:13 +08:00: > next start
2026-06-10 23:46:13 +08:00: 
2026-06-10 23:46:13 +08:00: ▲ Next.js 16.2.6
2026-06-10 23:46:13 +08:00: - Local:         http://localhost:3001
2026-06-10 23:46:13 +08:00: - Network:       http://10.3.0.12:3001
2026-06-10 23:46:13 +08:00: ✓ Ready in 274ms
2026-06-10 23:46:17 +08:00: 
2026-06-10 23:46:17 +08:00: > newme-platform@0.1.0 start
2026-06-10 23:46:17 +08:00: > next start
2026-06-10 23:46:17 +08:00: 
2026-06-10 23:46:18 +08:00: ▲ Next.js 16.2.6
2026-06-10 23:46:18 +08:00: - Local:         http://localhost:3001
2026-06-10 23:46:18 +08:00: - Network:       http://10.3.0.12:3001
2026-06-10 23:46:18 +08:00: ✓ Ready in 411ms
2026-06-11 00:00:04 +08:00: 
2026-06-11 00:00:04 +08:00: > newme-platform@0.1.0 start
2026-06-11 00:00:04 +08:00: > next start
2026-06-11 00:00:04 +08:00: 
2026-06-11 00:00:05 +08:00: 
2026-06-11 00:00:05 +08:00: > newme-platform@0.1.0 start
2026-06-11 00:00:05 +08:00: > next start
2026-06-11 00:00:05 +08:00: 
2026-06-11 00:00:05 +08:00: 
2026-06-11 00:00:05 +08:00: > newme-platform@0.1.0 start
2026-06-11 00:00:05 +08:00: > next start
2026-06-11 00:00:05 +08:00: 
2026-06-11 00:00:06 +08:00: 
2026-06-11 00:00:06 +08:00: > newme-platform@0.1.0 start
2026-06-11 00:00:06 +08:00: > next start
2026-06-11 00:00:06 +08:00: 
2026-06-11 00:00:07 +08:00: 
2026-06-11 00:00:07 +08:00: > newme-platform@0.1.0 start
2026-06-11 00:00:07 +08:00: > next start
2026-06-11 00:00:07 +08:00: 
2026-06-11 00:00:08 +08:00: 
2026-06-11 00:00:08 +08:00: > newme-platform@0.1.0 start
2026-06-11 00:00:08 +08:00: > next start
2026-06-11 00:00:08 +08:00: 
2026-06-11 00:00:09 +08:00: 
2026-06-11 00:00:09 +08:00: > newme-platform@0.1.0 start
2026-06-11 00:00:09 +08:00: > next start
2026-06-11 00:00:09 +08:00: 
2026-06-11 00:00:10 +08:00: 
2026-06-11 00:00:10 +08:00: > newme-platform@0.1.0 start
2026-06-11 00:00:10 +08:00: > next start
2026-06-11 00:00:10 +08:00: 
2026-06-11 00:00:13 +08:00: 
2026-06-11 00:00:13 +08:00: > newme-platform@0.1.0 start
2026-06-11 00:00:13 +08:00: > next start
2026-06-11 00:00:13 +08:00: 
2026-06-11 00:00:16 +08:00: 
2026-06-11 00:00:16 +08:00: > newme-platform@0.1.0 start
2026-06-11 00:00:16 +08:00: > next start
2026-06-11 00:00:16 +08:00: 
2026-06-11 00:15:12 +08:00: 
2026-06-11 00:15:12 +08:00: > newme-platform@0.1.0 start
2026-06-11 00:15:12 +08:00: > next start
2026-06-11 00:15:12 +08:00: 
2026-06-11 00:15:13 +08:00: 
2026-06-11 00:15:13 +08:00: > newme-platform@0.1.0 start
2026-06-11 00:15:13 +08:00: > next start
2026-06-11 00:15:13 +08:00: 
2026-06-11 00:15:14 +08:00: 
2026-06-11 00:15:14 +08:00: > newme-platform@0.1.0 start
2026-06-11 00:15:14 +08:00: > next start
2026-06-11 00:15:14 +08:00: 
2026-06-11 00:15:15 +08:00: 
2026-06-11 00:15:15 +08:00: > newme-platform@0.1.0 start
2026-06-11 00:15:15 +08:00: > next start
2026-06-11 00:15:15 +08:00: 
2026-06-11 00:15:15 +08:00: 
2026-06-11 00:15:15 +08:00: > newme-platform@0.1.0 start
2026-06-11 00:15:15 +08:00: > next start
2026-06-11 00:15:15 +08:00: 
2026-06-11 00:15:16 +08:00: 
2026-06-11 00:15:16 +08:00: > newme-platform@0.1.0 start
2026-06-11 00:15:16 +08:00: > next start
2026-06-11 00:15:16 +08:00: 
2026-06-11 00:15:17 +08:00: 
2026-06-11 00:15:17 +08:00: > newme-platform@0.1.0 start
2026-06-11 00:15:17 +08:00: > next start
2026-06-11 00:15:17 +08:00: 
2026-06-11 00:15:19 +08:00: 
2026-06-11 00:15:19 +08:00: > newme-platform@0.1.0 start
2026-06-11 00:15:19 +08:00: > next start
2026-06-11 00:15:19 +08:00: 
2026-06-11 00:15:21 +08:00: 
2026-06-11 00:15:21 +08:00: > newme-platform@0.1.0 start
2026-06-11 00:15:21 +08:00: > next start
2026-06-11 00:15:21 +08:00: 
2026-06-11 00:15:24 +08:00: 
2026-06-11 00:15:24 +08:00: > newme-platform@0.1.0 start
2026-06-11 00:15:24 +08:00: > next start
2026-06-11 00:15:24 +08:00: 
2026-06-11 00:30:19 +08:00: 
2026-06-11 00:30:19 +08:00: > newme-platform@0.1.0 start
2026-06-11 00:30:19 +08:00: > next start
2026-06-11 00:30:19 +08:00: 
2026-06-11 00:30:19 +08:00: 
2026-06-11 00:30:19 +08:00: > newme-platform@0.1.0 start
2026-06-11 00:30:19 +08:00: > next start
2026-06-11 00:30:19 +08:00: 
2026-06-11 00:30:20 +08:00: 
2026-06-11 00:30:20 +08:00: > newme-platform@0.1.0 start
2026-06-11 00:30:20 +08:00: > next start
2026-06-11 00:30:20 +08:00: 
2026-06-11 00:30:21 +08:00: 
2026-06-11 00:30:21 +08:00: > newme-platform@0.1.0 start
2026-06-11 00:30:21 +08:00: > next start
2026-06-11 00:30:21 +08:00: 
2026-06-11 00:30:21 +08:00: 
2026-06-11 00:30:21 +08:00: > newme-platform@0.1.0 start
2026-06-11 00:30:21 +08:00: > next start
2026-06-11 00:30:21 +08:00: 
2026-06-11 00:30:22 +08:00: 
2026-06-11 00:30:22 +08:00: > newme-platform@0.1.0 start
2026-06-11 00:30:22 +08:00: > next start
2026-06-11 00:30:22 +08:00: 
2026-06-11 00:30:23 +08:00: 
2026-06-11 00:30:23 +08:00: > newme-platform@0.1.0 start
2026-06-11 00:30:23 +08:00: > next start
2026-06-11 00:30:23 +08:00: 
2026-06-11 00:30:25 +08:00: 
2026-06-11 00:30:25 +08:00: > newme-platform@0.1.0 start
2026-06-11 00:30:25 +08:00: > next start
2026-06-11 00:30:25 +08:00: 
2026-06-11 00:30:27 +08:00: 
2026-06-11 00:30:27 +08:00: > newme-platform@0.1.0 start
2026-06-11 00:30:27 +08:00: > next start
2026-06-11 00:30:27 +08:00: 
2026-06-11 00:30:30 +08:00: 
2026-06-11 00:30:30 +08:00: > newme-platform@0.1.0 start
2026-06-11 00:30:30 +08:00: > next start
2026-06-11 00:30:30 +08:00: 
2026-06-11 00:45:27 +08:00: 
2026-06-11 00:45:27 +08:00: > newme-platform@0.1.0 start
2026-06-11 00:45:27 +08:00: > next start
2026-06-11 00:45:27 +08:00: 
2026-06-11 00:45:27 +08:00: 
2026-06-11 00:45:27 +08:00: > newme-platform@0.1.0 start
2026-06-11 00:45:27 +08:00: > next start
2026-06-11 00:45:27 +08:00: 
2026-06-11 00:45:28 +08:00: 
2026-06-11 00:45:28 +08:00: > newme-platform@0.1.0 start
2026-06-11 00:45:28 +08:00: > next start
2026-06-11 00:45:28 +08:00: 
2026-06-11 00:45:28 +08:00: 
2026-06-11 00:45:28 +08:00: > newme-platform@0.1.0 start
2026-06-11 00:45:28 +08:00: > next start
2026-06-11 00:45:28 +08:00: 
2026-06-11 00:45:29 +08:00: 
2026-06-11 00:45:29 +08:00: > newme-platform@0.1.0 start
2026-06-11 00:45:29 +08:00: > next start
2026-06-11 00:45:29 +08:00: 
2026-06-11 00:45:30 +08:00: 
2026-06-11 00:45:30 +08:00: > newme-platform@0.1.0 start
2026-06-11 00:45:30 +08:00: > next start
2026-06-11 00:45:30 +08:00: 
2026-06-11 00:45:31 +08:00: 
2026-06-11 00:45:31 +08:00: > newme-platform@0.1.0 start
2026-06-11 00:45:31 +08:00: > next start
2026-06-11 00:45:31 +08:00: 
2026-06-11 00:45:33 +08:00: 
2026-06-11 00:45:33 +08:00: > newme-platform@0.1.0 start
2026-06-11 00:45:33 +08:00: > next start
2026-06-11 00:45:33 +08:00: 
2026-06-11 00:45:35 +08:00: 
2026-06-11 00:45:35 +08:00: > newme-platform@0.1.0 start
2026-06-11 00:45:35 +08:00: > next start
2026-06-11 00:45:35 +08:00: 
2026-06-11 00:45:38 +08:00: 
2026-06-11 00:45:38 +08:00: > newme-platform@0.1.0 start
2026-06-11 00:45:38 +08:00: > next start
2026-06-11 00:45:38 +08:00: 
2026-06-11 01:00:34 +08:00: 
2026-06-11 01:00:34 +08:00: > newme-platform@0.1.0 start
2026-06-11 01:00:34 +08:00: > next start
2026-06-11 01:00:34 +08:00: 
2026-06-11 01:00:34 +08:00: 
2026-06-11 01:00:34 +08:00: > newme-platform@0.1.0 start
2026-06-11 01:00:34 +08:00: > next start
2026-06-11 01:00:34 +08:00: 
2026-06-11 01:00:35 +08:00: 
2026-06-11 01:00:35 +08:00: > newme-platform@0.1.0 start
2026-06-11 01:00:35 +08:00: > next start
2026-06-11 01:00:35 +08:00: 
2026-06-11 01:00:36 +08:00: 
2026-06-11 01:00:36 +08:00: > newme-platform@0.1.0 start
2026-06-11 01:00:36 +08:00: > next start
2026-06-11 01:00:36 +08:00: 
2026-06-11 01:00:37 +08:00: 
2026-06-11 01:00:37 +08:00: > newme-platform@0.1.0 start
2026-06-11 01:00:37 +08:00: > next start
2026-06-11 01:00:37 +08:00: 
2026-06-11 01:00:37 +08:00: 
2026-06-11 01:00:37 +08:00: > newme-platform@0.1.0 start
2026-06-11 01:00:37 +08:00: > next start
2026-06-11 01:00:37 +08:00: 
2026-06-11 01:00:39 +08:00: 
2026-06-11 01:00:39 +08:00: > newme-platform@0.1.0 start
2026-06-11 01:00:39 +08:00: > next start
2026-06-11 01:00:39 +08:00: 
2026-06-11 01:00:40 +08:00: 
2026-06-11 01:00:40 +08:00: > newme-platform@0.1.0 start
2026-06-11 01:00:40 +08:00: > next start
2026-06-11 01:00:40 +08:00: 
2026-06-11 01:00:42 +08:00: 
2026-06-11 01:00:42 +08:00: > newme-platform@0.1.0 start
2026-06-11 01:00:42 +08:00: > next start
2026-06-11 01:00:42 +08:00: 
2026-06-11 01:00:45 +08:00: 
2026-06-11 01:00:45 +08:00: > newme-platform@0.1.0 start
2026-06-11 01:00:45 +08:00: > next start
2026-06-11 01:00:45 +08:00: 
2026-06-11 01:15:42 +08:00: 
2026-06-11 01:15:42 +08:00: > newme-platform@0.1.0 start
2026-06-11 01:15:42 +08:00: > next start
2026-06-11 01:15:42 +08:00: 
2026-06-11 01:15:42 +08:00: 
2026-06-11 01:15:42 +08:00: > newme-platform@0.1.0 start
2026-06-11 01:15:42 +08:00: > next start
2026-06-11 01:15:42 +08:00: 
2026-06-11 01:15:43 +08:00: 
2026-06-11 01:15:43 +08:00: > newme-platform@0.1.0 start
2026-06-11 01:15:43 +08:00: > next start
2026-06-11 01:15:43 +08:00: 
2026-06-11 01:15:43 +08:00: 
2026-06-11 01:15:43 +08:00: > newme-platform@0.1.0 start
2026-06-11 01:15:43 +08:00: > next start
2026-06-11 01:15:43 +08:00: 
2026-06-11 01:15:44 +08:00: 
2026-06-11 01:15:44 +08:00: > newme-platform@0.1.0 start
2026-06-11 01:15:44 +08:00: > next start
2026-06-11 01:15:44 +08:00: 
2026-06-11 01:15:45 +08:00: 
2026-06-11 01:15:45 +08:00: > newme-platform@0.1.0 start
2026-06-11 01:15:45 +08:00: > next start
2026-06-11 01:15:45 +08:00: 
2026-06-11 01:15:46 +08:00: 
2026-06-11 01:15:46 +08:00: > newme-platform@0.1.0 start
2026-06-11 01:15:46 +08:00: > next start
2026-06-11 01:15:46 +08:00: 
2026-06-11 01:15:48 +08:00: 
2026-06-11 01:15:48 +08:00: > newme-platform@0.1.0 start
2026-06-11 01:15:48 +08:00: > next start
2026-06-11 01:15:48 +08:00: 
2026-06-11 01:15:50 +08:00: 
2026-06-11 01:15:50 +08:00: > newme-platform@0.1.0 start
2026-06-11 01:15:50 +08:00: > next start
2026-06-11 01:15:50 +08:00: 
2026-06-11 01:15:53 +08:00: 
2026-06-11 01:15:53 +08:00: > newme-platform@0.1.0 start
2026-06-11 01:15:53 +08:00: > next start
2026-06-11 01:15:53 +08:00: 
2026-06-11 01:30:48 +08:00: 
2026-06-11 01:30:48 +08:00: > newme-platform@0.1.0 start
2026-06-11 01:30:48 +08:00: > next start
2026-06-11 01:30:48 +08:00: 
2026-06-11 01:30:49 +08:00: 
2026-06-11 01:30:49 +08:00: > newme-platform@0.1.0 start
2026-06-11 01:30:49 +08:00: > next start
2026-06-11 01:30:49 +08:00: 
2026-06-11 01:30:49 +08:00: 
2026-06-11 01:30:49 +08:00: > newme-platform@0.1.0 start
2026-06-11 01:30:49 +08:00: > next start
2026-06-11 01:30:49 +08:00: 
2026-06-11 01:30:50 +08:00: 
2026-06-11 01:30:50 +08:00: > newme-platform@0.1.0 start
2026-06-11 01:30:50 +08:00: > next start
2026-06-11 01:30:50 +08:00: 
2026-06-11 01:30:51 +08:00: 
2026-06-11 01:30:51 +08:00: > newme-platform@0.1.0 start
2026-06-11 01:30:51 +08:00: > next start
2026-06-11 01:30:51 +08:00: 
2026-06-11 01:30:51 +08:00: 
2026-06-11 01:30:51 +08:00: > newme-platform@0.1.0 start
2026-06-11 01:30:51 +08:00: > next start
2026-06-11 01:30:51 +08:00: 
2026-06-11 01:30:53 +08:00: 
2026-06-11 01:30:53 +08:00: > newme-platform@0.1.0 start
2026-06-11 01:30:53 +08:00: > next start
2026-06-11 01:30:53 +08:00: 
2026-06-11 01:30:54 +08:00: 
2026-06-11 01:30:54 +08:00: > newme-platform@0.1.0 start
2026-06-11 01:30:54 +08:00: > next start
2026-06-11 01:30:54 +08:00: 
2026-06-11 01:30:56 +08:00: 
2026-06-11 01:30:56 +08:00: > newme-platform@0.1.0 start
2026-06-11 01:30:56 +08:00: > next start
2026-06-11 01:30:56 +08:00: 
2026-06-11 01:30:59 +08:00: 
2026-06-11 01:30:59 +08:00: > newme-platform@0.1.0 start
2026-06-11 01:30:59 +08:00: > next start
2026-06-11 01:30:59 +08:00: 
2026-06-11 01:45:55 +08:00: 
2026-06-11 01:45:55 +08:00: > newme-platform@0.1.0 start
2026-06-11 01:45:55 +08:00: > next start
2026-06-11 01:45:55 +08:00: 
2026-06-11 01:45:55 +08:00: 
2026-06-11 01:45:55 +08:00: > newme-platform@0.1.0 start
2026-06-11 01:45:55 +08:00: > next start
2026-06-11 01:45:55 +08:00: 
2026-06-11 01:45:56 +08:00: 
2026-06-11 01:45:56 +08:00: > newme-platform@0.1.0 start
2026-06-11 01:45:56 +08:00: > next start
2026-06-11 01:45:56 +08:00: 
2026-06-11 01:45:56 +08:00: 
2026-06-11 01:45:56 +08:00: > newme-platform@0.1.0 start
2026-06-11 01:45:56 +08:00: > next start
2026-06-11 01:45:56 +08:00: 
2026-06-11 01:45:57 +08:00: 
2026-06-11 01:45:57 +08:00: > newme-platform@0.1.0 start
2026-06-11 01:45:57 +08:00: > next start
2026-06-11 01:45:57 +08:00: 
2026-06-11 01:45:58 +08:00: 
2026-06-11 01:45:58 +08:00: > newme-platform@0.1.0 start
2026-06-11 01:45:58 +08:00: > next start
2026-06-11 01:45:58 +08:00: 
2026-06-11 01:45:59 +08:00: 
2026-06-11 01:45:59 +08:00: > newme-platform@0.1.0 start
2026-06-11 01:45:59 +08:00: > next start
2026-06-11 01:45:59 +08:00: 
2026-06-11 01:46:01 +08:00: 
2026-06-11 01:46:01 +08:00: > newme-platform@0.1.0 start
2026-06-11 01:46:01 +08:00: > next start
2026-06-11 01:46:01 +08:00: 
2026-06-11 01:46:03 +08:00: 
2026-06-11 01:46:03 +08:00: > newme-platform@0.1.0 start
2026-06-11 01:46:03 +08:00: > next start
2026-06-11 01:46:03 +08:00: 
2026-06-11 01:46:06 +08:00: 
2026-06-11 01:46:06 +08:00: > newme-platform@0.1.0 start
2026-06-11 01:46:06 +08:00: > next start
2026-06-11 01:46:06 +08:00: 
2026-06-11 02:00:01 +08:00: 
2026-06-11 02:00:01 +08:00: > newme-platform@0.1.0 start
2026-06-11 02:00:01 +08:00: > next start
2026-06-11 02:00:01 +08:00: 
2026-06-11 02:00:02 +08:00: 
2026-06-11 02:00:02 +08:00: > newme-platform@0.1.0 start
2026-06-11 02:00:02 +08:00: > next start
2026-06-11 02:00:02 +08:00: 
2026-06-11 02:00:02 +08:00: 
2026-06-11 02:00:02 +08:00: > newme-platform@0.1.0 start
2026-06-11 02:00:02 +08:00: > next start
2026-06-11 02:00:02 +08:00: 
2026-06-11 02:00:03 +08:00: 
2026-06-11 02:00:03 +08:00: > newme-platform@0.1.0 start
2026-06-11 02:00:03 +08:00: > next start
2026-06-11 02:00:03 +08:00: 
2026-06-11 02:00:03 +08:00: 
2026-06-11 02:00:03 +08:00: > newme-platform@0.1.0 start
2026-06-11 02:00:03 +08:00: > next start
2026-06-11 02:00:03 +08:00: 
2026-06-11 02:00:04 +08:00: 
2026-06-11 02:00:04 +08:00: > newme-platform@0.1.0 start
2026-06-11 02:00:04 +08:00: > next start
2026-06-11 02:00:04 +08:00: 
2026-06-11 02:00:05 +08:00: 
2026-06-11 02:00:05 +08:00: > newme-platform@0.1.0 start
2026-06-11 02:00:05 +08:00: > next start
2026-06-11 02:00:05 +08:00: 
2026-06-11 02:00:07 +08:00: 
2026-06-11 02:00:07 +08:00: > newme-platform@0.1.0 start
2026-06-11 02:00:07 +08:00: > next start
2026-06-11 02:00:07 +08:00: 
2026-06-11 02:00:09 +08:00: 
2026-06-11 02:00:09 +08:00: > newme-platform@0.1.0 start
2026-06-11 02:00:09 +08:00: > next start
2026-06-11 02:00:09 +08:00: 
2026-06-11 02:00:12 +08:00: 
2026-06-11 02:00:12 +08:00: > newme-platform@0.1.0 start
2026-06-11 02:00:12 +08:00: > next start
2026-06-11 02:00:12 +08:00: 
2026-06-11 02:15:08 +08:00: 
2026-06-11 02:15:08 +08:00: > newme-platform@0.1.0 start
2026-06-11 02:15:08 +08:00: > next start
2026-06-11 02:15:08 +08:00: 
2026-06-11 02:15:09 +08:00: 
2026-06-11 02:15:09 +08:00: > newme-platform@0.1.0 start
2026-06-11 02:15:09 +08:00: > next start
2026-06-11 02:15:09 +08:00: 
2026-06-11 02:15:10 +08:00: 
2026-06-11 02:15:10 +08:00: > newme-platform@0.1.0 start
2026-06-11 02:15:10 +08:00: > next start
2026-06-11 02:15:10 +08:00: 
2026-06-11 02:15:10 +08:00: 
2026-06-11 02:15:10 +08:00: > newme-platform@0.1.0 start
2026-06-11 02:15:10 +08:00: > next start
2026-06-11 02:15:10 +08:00: 
2026-06-11 02:15:11 +08:00: 
2026-06-11 02:15:11 +08:00: > newme-platform@0.1.0 start
2026-06-11 02:15:11 +08:00: > next start
2026-06-11 02:15:11 +08:00: 
2026-06-11 02:15:12 +08:00: 
2026-06-11 02:15:12 +08:00: > newme-platform@0.1.0 start
2026-06-11 02:15:12 +08:00: > next start
2026-06-11 02:15:12 +08:00: 
2026-06-11 02:15:13 +08:00: 
2026-06-11 02:15:13 +08:00: > newme-platform@0.1.0 start
2026-06-11 02:15:13 +08:00: > next start
2026-06-11 02:15:13 +08:00: 
2026-06-11 02:15:15 +08:00: 
2026-06-11 02:15:15 +08:00: > newme-platform@0.1.0 start
2026-06-11 02:15:15 +08:00: > next start
2026-06-11 02:15:15 +08:00: 
2026-06-11 02:15:17 +08:00: 
2026-06-11 02:15:17 +08:00: > newme-platform@0.1.0 start
2026-06-11 02:15:17 +08:00: > next start
2026-06-11 02:15:17 +08:00: 
2026-06-11 02:15:20 +08:00: 
2026-06-11 02:15:20 +08:00: > newme-platform@0.1.0 start
2026-06-11 02:15:20 +08:00: > next start
2026-06-11 02:15:20 +08:00: 
2026-06-11 02:30:16 +08:00: 
2026-06-11 02:30:16 +08:00: > newme-platform@0.1.0 start
2026-06-11 02:30:16 +08:00: > next start
2026-06-11 02:30:16 +08:00: 
2026-06-11 02:30:17 +08:00: 
2026-06-11 02:30:17 +08:00: > newme-platform@0.1.0 start
2026-06-11 02:30:17 +08:00: > next start
2026-06-11 02:30:17 +08:00: 
2026-06-11 02:30:17 +08:00: 
2026-06-11 02:30:17 +08:00: > newme-platform@0.1.0 start
2026-06-11 02:30:17 +08:00: > next start
2026-06-11 02:30:17 +08:00: 
2026-06-11 02:30:18 +08:00: 
2026-06-11 02:30:18 +08:00: > newme-platform@0.1.0 start
2026-06-11 02:30:18 +08:00: > next start
2026-06-11 02:30:18 +08:00: 
2026-06-11 02:30:19 +08:00: 
2026-06-11 02:30:19 +08:00: > newme-platform@0.1.0 start
2026-06-11 02:30:19 +08:00: > next start
2026-06-11 02:30:19 +08:00: 
2026-06-11 02:30:20 +08:00: 
2026-06-11 02:30:20 +08:00: > newme-platform@0.1.0 start
2026-06-11 02:30:20 +08:00: > next start
2026-06-11 02:30:20 +08:00: 
2026-06-11 02:30:22 +08:00: 
2026-06-11 02:30:22 +08:00: > newme-platform@0.1.0 start
2026-06-11 02:30:22 +08:00: > next start
2026-06-11 02:30:22 +08:00: 
2026-06-11 02:30:23 +08:00: 
2026-06-11 02:30:23 +08:00: > newme-platform@0.1.0 start
2026-06-11 02:30:23 +08:00: > next start
2026-06-11 02:30:23 +08:00: 
2026-06-11 02:30:26 +08:00: 
2026-06-11 02:30:26 +08:00: > newme-platform@0.1.0 start
2026-06-11 02:30:26 +08:00: > next start
2026-06-11 02:30:26 +08:00: 
2026-06-11 02:30:29 +08:00: 
2026-06-11 02:30:29 +08:00: > newme-platform@0.1.0 start
2026-06-11 02:30:29 +08:00: > next start
2026-06-11 02:30:29 +08:00: 
2026-06-11 02:45:23 +08:00: 
2026-06-11 02:45:23 +08:00: > newme-platform@0.1.0 start
2026-06-11 02:45:23 +08:00: > next start
2026-06-11 02:45:23 +08:00: 
2026-06-11 02:45:24 +08:00: 
2026-06-11 02:45:24 +08:00: > newme-platform@0.1.0 start
2026-06-11 02:45:24 +08:00: > next start
2026-06-11 02:45:24 +08:00: 
2026-06-11 02:45:24 +08:00: 
2026-06-11 02:45:24 +08:00: > newme-platform@0.1.0 start
2026-06-11 02:45:24 +08:00: > next start
2026-06-11 02:45:24 +08:00: 
2026-06-11 02:45:25 +08:00: 
2026-06-11 02:45:25 +08:00: > newme-platform@0.1.0 start
2026-06-11 02:45:25 +08:00: > next start
2026-06-11 02:45:25 +08:00: 
2026-06-11 02:45:26 +08:00: 
2026-06-11 02:45:26 +08:00: > newme-platform@0.1.0 start
2026-06-11 02:45:26 +08:00: > next start
2026-06-11 02:45:26 +08:00: 
2026-06-11 02:45:27 +08:00: 
2026-06-11 02:45:27 +08:00: > newme-platform@0.1.0 start
2026-06-11 02:45:27 +08:00: > next start
2026-06-11 02:45:27 +08:00: 
2026-06-11 02:45:28 +08:00: 
2026-06-11 02:45:28 +08:00: > newme-platform@0.1.0 start
2026-06-11 02:45:28 +08:00: > next start
2026-06-11 02:45:28 +08:00: 
2026-06-11 02:45:29 +08:00: 
2026-06-11 02:45:29 +08:00: > newme-platform@0.1.0 start
2026-06-11 02:45:29 +08:00: > next start
2026-06-11 02:45:29 +08:00: 
2026-06-11 02:45:32 +08:00: 
2026-06-11 02:45:32 +08:00: > newme-platform@0.1.0 start
2026-06-11 02:45:32 +08:00: > next start
2026-06-11 02:45:32 +08:00: 
2026-06-11 02:45:34 +08:00: 
2026-06-11 02:45:34 +08:00: > newme-platform@0.1.0 start
2026-06-11 02:45:34 +08:00: > next start
2026-06-11 02:45:34 +08:00: 
2026-06-11 03:00:32 +08:00: 
2026-06-11 03:00:32 +08:00: > newme-platform@0.1.0 start
2026-06-11 03:00:32 +08:00: > next start
2026-06-11 03:00:32 +08:00: 
2026-06-11 03:00:32 +08:00: 
2026-06-11 03:00:32 +08:00: > newme-platform@0.1.0 start
2026-06-11 03:00:32 +08:00: > next start
2026-06-11 03:00:32 +08:00: 
2026-06-11 03:00:33 +08:00: 
2026-06-11 03:00:33 +08:00: > newme-platform@0.1.0 start
2026-06-11 03:00:33 +08:00: > next start
2026-06-11 03:00:33 +08:00: 
2026-06-11 03:00:33 +08:00: 
2026-06-11 03:00:33 +08:00: > newme-platform@0.1.0 start
2026-06-11 03:00:33 +08:00: > next start
2026-06-11 03:00:33 +08:00: 
2026-06-11 03:00:34 +08:00: 
2026-06-11 03:00:34 +08:00: > newme-platform@0.1.0 start
2026-06-11 03:00:34 +08:00: > next start
2026-06-11 03:00:34 +08:00: 
2026-06-11 03:00:35 +08:00: 
2026-06-11 03:00:35 +08:00: > newme-platform@0.1.0 start
2026-06-11 03:00:35 +08:00: > next start
2026-06-11 03:00:35 +08:00: 
2026-06-11 03:00:37 +08:00: 
2026-06-11 03:00:37 +08:00: > newme-platform@0.1.0 start
2026-06-11 03:00:37 +08:00: > next start
2026-06-11 03:00:37 +08:00: 
2026-06-11 03:00:39 +08:00: 
2026-06-11 03:00:39 +08:00: > newme-platform@0.1.0 start
2026-06-11 03:00:39 +08:00: > next start
2026-06-11 03:00:39 +08:00: 
2026-06-11 03:00:41 +08:00: 
2026-06-11 03:00:41 +08:00: > newme-platform@0.1.0 start
2026-06-11 03:00:41 +08:00: > next start
2026-06-11 03:00:41 +08:00: 
2026-06-11 03:00:44 +08:00: 
2026-06-11 03:00:44 +08:00: > newme-platform@0.1.0 start
2026-06-11 03:00:44 +08:00: > next start
2026-06-11 03:00:44 +08:00: 
2026-06-11 03:15:48 +08:00: 
2026-06-11 03:15:48 +08:00: > newme-platform@0.1.0 start
2026-06-11 03:15:48 +08:00: > next start
2026-06-11 03:15:48 +08:00: 
2026-06-11 03:15:49 +08:00: 
2026-06-11 03:15:49 +08:00: > newme-platform@0.1.0 start
2026-06-11 03:15:49 +08:00: > next start
2026-06-11 03:15:49 +08:00: 
2026-06-11 03:15:51 +08:00: 
2026-06-11 03:15:51 +08:00: > newme-platform@0.1.0 start
2026-06-11 03:15:51 +08:00: > next start
2026-06-11 03:15:51 +08:00: 
2026-06-11 03:15:52 +08:00: 
2026-06-11 03:15:52 +08:00: > newme-platform@0.1.0 start
2026-06-11 03:15:52 +08:00: > next start
2026-06-11 03:15:52 +08:00: 
2026-06-11 03:15:53 +08:00: 
2026-06-11 03:15:53 +08:00: > newme-platform@0.1.0 start
2026-06-11 03:15:53 +08:00: > next start
2026-06-11 03:15:53 +08:00: 
2026-06-11 03:15:54 +08:00: 
2026-06-11 03:15:54 +08:00: > newme-platform@0.1.0 start
2026-06-11 03:15:54 +08:00: > next start
2026-06-11 03:15:54 +08:00: 
2026-06-11 03:15:55 +08:00: 
2026-06-11 03:15:55 +08:00: > newme-platform@0.1.0 start
2026-06-11 03:15:55 +08:00: > next start
2026-06-11 03:15:55 +08:00: 
2026-06-11 03:15:57 +08:00: 
2026-06-11 03:15:57 +08:00: > newme-platform@0.1.0 start
2026-06-11 03:15:57 +08:00: > next start
2026-06-11 03:15:57 +08:00: 
2026-06-11 03:16:00 +08:00: 
2026-06-11 03:16:00 +08:00: > newme-platform@0.1.0 start
2026-06-11 03:16:00 +08:00: > next start
2026-06-11 03:16:00 +08:00: 
2026-06-11 03:16:03 +08:00: 
2026-06-11 03:16:03 +08:00: > newme-platform@0.1.0 start
2026-06-11 03:16:03 +08:00: > next start
2026-06-11 03:16:03 +08:00: 
2026-06-11 03:30:55 +08:00: 
2026-06-11 03:30:55 +08:00: > newme-platform@0.1.0 start
2026-06-11 03:30:55 +08:00: > next start
2026-06-11 03:30:55 +08:00: 
2026-06-11 03:30:55 +08:00: 
2026-06-11 03:30:55 +08:00: > newme-platform@0.1.0 start
2026-06-11 03:30:55 +08:00: > next start
2026-06-11 03:30:55 +08:00: 
2026-06-11 03:30:56 +08:00: 
2026-06-11 03:30:56 +08:00: > newme-platform@0.1.0 start
2026-06-11 03:30:56 +08:00: > next start
2026-06-11 03:30:56 +08:00: 
2026-06-11 03:30:57 +08:00: 
2026-06-11 03:30:57 +08:00: > newme-platform@0.1.0 start
2026-06-11 03:30:57 +08:00: > next start
2026-06-11 03:30:57 +08:00: 
2026-06-11 03:30:57 +08:00: 
2026-06-11 03:30:57 +08:00: > newme-platform@0.1.0 start
2026-06-11 03:30:57 +08:00: > next start
2026-06-11 03:30:57 +08:00: 
2026-06-11 03:30:58 +08:00: 
2026-06-11 03:30:58 +08:00: > newme-platform@0.1.0 start
2026-06-11 03:30:58 +08:00: > next start
2026-06-11 03:30:58 +08:00: 
2026-06-11 03:30:59 +08:00: 
2026-06-11 03:30:59 +08:00: > newme-platform@0.1.0 start
2026-06-11 03:30:59 +08:00: > next start
2026-06-11 03:30:59 +08:00: 
2026-06-11 03:31:01 +08:00: 
2026-06-11 03:31:01 +08:00: > newme-platform@0.1.0 start
2026-06-11 03:31:01 +08:00: > next start
2026-06-11 03:31:01 +08:00: 
2026-06-11 03:31:03 +08:00: 
2026-06-11 03:31:03 +08:00: > newme-platform@0.1.0 start
2026-06-11 03:31:03 +08:00: > next start
2026-06-11 03:31:03 +08:00: 
2026-06-11 03:31:06 +08:00: 
2026-06-11 03:31:06 +08:00: > newme-platform@0.1.0 start
2026-06-11 03:31:06 +08:00: > next start
2026-06-11 03:31:06 +08:00: 
2026-06-11 03:46:02 +08:00: 
2026-06-11 03:46:02 +08:00: > newme-platform@0.1.0 start
2026-06-11 03:46:02 +08:00: > next start
2026-06-11 03:46:02 +08:00: 
2026-06-11 03:46:02 +08:00: 
2026-06-11 03:46:02 +08:00: > newme-platform@0.1.0 start
2026-06-11 03:46:02 +08:00: > next start
2026-06-11 03:46:02 +08:00: 
2026-06-11 03:46:03 +08:00: 
2026-06-11 03:46:03 +08:00: > newme-platform@0.1.0 start
2026-06-11 03:46:03 +08:00: > next start
2026-06-11 03:46:03 +08:00: 
2026-06-11 03:46:03 +08:00: 
2026-06-11 03:46:03 +08:00: > newme-platform@0.1.0 start
2026-06-11 03:46:03 +08:00: > next start
2026-06-11 03:46:03 +08:00: 
2026-06-11 03:46:04 +08:00: 
2026-06-11 03:46:04 +08:00: > newme-platform@0.1.0 start
2026-06-11 03:46:04 +08:00: > next start
2026-06-11 03:46:04 +08:00: 
2026-06-11 03:46:05 +08:00: 
2026-06-11 03:46:05 +08:00: > newme-platform@0.1.0 start
2026-06-11 03:46:05 +08:00: > next start
2026-06-11 03:46:05 +08:00: 
2026-06-11 03:46:06 +08:00: 
2026-06-11 03:46:06 +08:00: > newme-platform@0.1.0 start
2026-06-11 03:46:06 +08:00: > next start
2026-06-11 03:46:06 +08:00: 
2026-06-11 03:46:08 +08:00: 
2026-06-11 03:46:08 +08:00: > newme-platform@0.1.0 start
2026-06-11 03:46:08 +08:00: > next start
2026-06-11 03:46:08 +08:00: 
2026-06-11 03:46:10 +08:00: 
2026-06-11 03:46:10 +08:00: > newme-platform@0.1.0 start
2026-06-11 03:46:10 +08:00: > next start
2026-06-11 03:46:10 +08:00: 
2026-06-11 03:46:13 +08:00: 
2026-06-11 03:46:13 +08:00: > newme-platform@0.1.0 start
2026-06-11 03:46:13 +08:00: > next start
2026-06-11 03:46:13 +08:00: 
2026-06-11 04:00:01 +08:00: 
2026-06-11 04:00:01 +08:00: > newme-platform@0.1.0 start
2026-06-11 04:00:01 +08:00: > next start
2026-06-11 04:00:01 +08:00: 
2026-06-11 04:00:02 +08:00: 
2026-06-11 04:00:02 +08:00: > newme-platform@0.1.0 start
2026-06-11 04:00:02 +08:00: > next start
2026-06-11 04:00:02 +08:00: 
2026-06-11 04:00:03 +08:00: 
2026-06-11 04:00:03 +08:00: > newme-platform@0.1.0 start
2026-06-11 04:00:03 +08:00: > next start
2026-06-11 04:00:03 +08:00: 
2026-06-11 04:00:04 +08:00: 
2026-06-11 04:00:04 +08:00: > newme-platform@0.1.0 start
2026-06-11 04:00:04 +08:00: > next start
2026-06-11 04:00:04 +08:00: 
2026-06-11 04:00:05 +08:00: 
2026-06-11 04:00:05 +08:00: > newme-platform@0.1.0 start
2026-06-11 04:00:05 +08:00: > next start
2026-06-11 04:00:05 +08:00: 
2026-06-11 04:00:06 +08:00: 
2026-06-11 04:00:06 +08:00: > newme-platform@0.1.0 start
2026-06-11 04:00:06 +08:00: > next start
2026-06-11 04:00:06 +08:00: 
2026-06-11 04:00:08 +08:00: 
2026-06-11 04:00:08 +08:00: > newme-platform@0.1.0 start
2026-06-11 04:00:08 +08:00: > next start
2026-06-11 04:00:08 +08:00: 
2026-06-11 04:00:11 +08:00: 
2026-06-11 04:00:11 +08:00: > newme-platform@0.1.0 start
2026-06-11 04:00:11 +08:00: > next start
2026-06-11 04:00:11 +08:00: 
2026-06-11 04:00:11 +08:00: 
2026-06-11 04:00:11 +08:00: > newme-platform@0.1.0 start
2026-06-11 04:00:11 +08:00: > next start
2026-06-11 04:00:11 +08:00: 
2026-06-11 04:00:12 +08:00: 
2026-06-11 04:00:12 +08:00: > newme-platform@0.1.0 start
2026-06-11 04:00:12 +08:00: > next start
2026-06-11 04:00:12 +08:00: 
2026-06-11 04:00:13 +08:00: 
2026-06-11 04:00:13 +08:00: > newme-platform@0.1.0 start
2026-06-11 04:00:13 +08:00: > next start
2026-06-11 04:00:13 +08:00: 
2026-06-11 04:00:14 +08:00: 
2026-06-11 04:00:14 +08:00: > newme-platform@0.1.0 start
2026-06-11 04:00:14 +08:00: > next start
2026-06-11 04:00:14 +08:00: 
2026-06-11 04:00:15 +08:00: 
2026-06-11 04:00:15 +08:00: > newme-platform@0.1.0 start
2026-06-11 04:00:15 +08:00: > next start
2026-06-11 04:00:15 +08:00: 
2026-06-11 04:00:17 +08:00: 
2026-06-11 04:00:17 +08:00: > newme-platform@0.1.0 start
2026-06-11 04:00:17 +08:00: > next start
2026-06-11 04:00:17 +08:00: 
2026-06-11 04:00:19 +08:00: 
2026-06-11 04:00:19 +08:00: > newme-platform@0.1.0 start
2026-06-11 04:00:19 +08:00: > next start
2026-06-11 04:00:19 +08:00: 
2026-06-11 04:00:21 +08:00: 
2026-06-11 04:00:21 +08:00: > newme-platform@0.1.0 start
2026-06-11 04:00:21 +08:00: > next start
2026-06-11 04:00:21 +08:00: 
2026-06-11 04:00:24 +08:00: 
2026-06-11 04:00:24 +08:00: > newme-platform@0.1.0 start
2026-06-11 04:00:24 +08:00: > next start
2026-06-11 04:00:24 +08:00: 
2026-06-11 04:15:37 +08:00: 
2026-06-11 04:15:37 +08:00: > newme-platform@0.1.0 start
2026-06-11 04:15:37 +08:00: > next start
2026-06-11 04:15:37 +08:00: 
2026-06-11 04:15:37 +08:00: 
2026-06-11 04:15:37 +08:00: > newme-platform@0.1.0 start
2026-06-11 04:15:37 +08:00: > next start
2026-06-11 04:15:37 +08:00: 
2026-06-11 04:15:38 +08:00: 
2026-06-11 04:15:38 +08:00: > newme-platform@0.1.0 start
2026-06-11 04:15:38 +08:00: > next start
2026-06-11 04:15:38 +08:00: 
2026-06-11 04:15:38 +08:00: 
2026-06-11 04:15:38 +08:00: > newme-platform@0.1.0 start
2026-06-11 04:15:38 +08:00: > next start
2026-06-11 04:15:38 +08:00: 
2026-06-11 04:15:39 +08:00: 
2026-06-11 04:15:39 +08:00: > newme-platform@0.1.0 start
2026-06-11 04:15:39 +08:00: > next start
2026-06-11 04:15:39 +08:00: 
2026-06-11 04:15:40 +08:00: 
2026-06-11 04:15:40 +08:00: > newme-platform@0.1.0 start
2026-06-11 04:15:40 +08:00: > next start
2026-06-11 04:15:40 +08:00: 
2026-06-11 04:15:41 +08:00: 
2026-06-11 04:15:41 +08:00: > newme-platform@0.1.0 start
2026-06-11 04:15:41 +08:00: > next start
2026-06-11 04:15:41 +08:00: 
2026-06-11 04:15:43 +08:00: 
2026-06-11 04:15:43 +08:00: > newme-platform@0.1.0 start
2026-06-11 04:15:43 +08:00: > next start
2026-06-11 04:15:43 +08:00: 
2026-06-11 04:15:45 +08:00: 
2026-06-11 04:15:45 +08:00: > newme-platform@0.1.0 start
2026-06-11 04:15:45 +08:00: > next start
2026-06-11 04:15:45 +08:00: 
2026-06-11 04:15:48 +08:00: 
2026-06-11 04:15:48 +08:00: > newme-platform@0.1.0 start
2026-06-11 04:15:48 +08:00: > next start
2026-06-11 04:15:48 +08:00: 
2026-06-11 04:30:43 +08:00: 
2026-06-11 04:30:43 +08:00: > newme-platform@0.1.0 start
2026-06-11 04:30:43 +08:00: > next start
2026-06-11 04:30:43 +08:00: 
2026-06-11 04:30:44 +08:00: 
2026-06-11 04:30:44 +08:00: > newme-platform@0.1.0 start
2026-06-11 04:30:44 +08:00: > next start
2026-06-11 04:30:44 +08:00: 
2026-06-11 04:30:44 +08:00: 
2026-06-11 04:30:44 +08:00: > newme-platform@0.1.0 start
2026-06-11 04:30:44 +08:00: > next start
2026-06-11 04:30:44 +08:00: 
2026-06-11 04:30:45 +08:00: 
2026-06-11 04:30:45 +08:00: > newme-platform@0.1.0 start
2026-06-11 04:30:45 +08:00: > next start
2026-06-11 04:30:45 +08:00: 
2026-06-11 04:30:46 +08:00: 
2026-06-11 04:30:46 +08:00: > newme-platform@0.1.0 start
2026-06-11 04:30:46 +08:00: > next start
2026-06-11 04:30:46 +08:00: 
2026-06-11 04:30:47 +08:00: 
2026-06-11 04:30:47 +08:00: > newme-platform@0.1.0 start
2026-06-11 04:30:47 +08:00: > next start
2026-06-11 04:30:47 +08:00: 
2026-06-11 04:30:48 +08:00: 
2026-06-11 04:30:48 +08:00: > newme-platform@0.1.0 start
2026-06-11 04:30:48 +08:00: > next start
2026-06-11 04:30:48 +08:00: 
2026-06-11 04:30:49 +08:00: 
2026-06-11 04:30:49 +08:00: > newme-platform@0.1.0 start
2026-06-11 04:30:49 +08:00: > next start
2026-06-11 04:30:49 +08:00: 
2026-06-11 04:30:51 +08:00: 
2026-06-11 04:30:51 +08:00: > newme-platform@0.1.0 start
2026-06-11 04:30:51 +08:00: > next start
2026-06-11 04:30:51 +08:00: 
2026-06-11 04:30:54 +08:00: 
2026-06-11 04:30:54 +08:00: > newme-platform@0.1.0 start
2026-06-11 04:30:54 +08:00: > next start
2026-06-11 04:30:54 +08:00: 
2026-06-11 04:45:50 +08:00: 
2026-06-11 04:45:50 +08:00: > newme-platform@0.1.0 start
2026-06-11 04:45:50 +08:00: > next start
2026-06-11 04:45:50 +08:00: 
2026-06-11 04:45:51 +08:00: 
2026-06-11 04:45:51 +08:00: > newme-platform@0.1.0 start
2026-06-11 04:45:51 +08:00: > next start
2026-06-11 04:45:51 +08:00: 
2026-06-11 04:45:51 +08:00: 
2026-06-11 04:45:51 +08:00: > newme-platform@0.1.0 start
2026-06-11 04:45:51 +08:00: > next start
2026-06-11 04:45:51 +08:00: 
2026-06-11 04:45:52 +08:00: 
2026-06-11 04:45:52 +08:00: > newme-platform@0.1.0 start
2026-06-11 04:45:52 +08:00: > next start
2026-06-11 04:45:52 +08:00: 
2026-06-11 04:45:53 +08:00: 
2026-06-11 04:45:53 +08:00: > newme-platform@0.1.0 start
2026-06-11 04:45:53 +08:00: > next start
2026-06-11 04:45:53 +08:00: 
2026-06-11 04:45:53 +08:00: 
2026-06-11 04:45:53 +08:00: > newme-platform@0.1.0 start
2026-06-11 04:45:53 +08:00: > next start
2026-06-11 04:45:53 +08:00: 
2026-06-11 04:45:55 +08:00: 
2026-06-11 04:45:55 +08:00: > newme-platform@0.1.0 start
2026-06-11 04:45:55 +08:00: > next start
2026-06-11 04:45:55 +08:00: 
2026-06-11 04:45:56 +08:00: 
2026-06-11 04:45:56 +08:00: > newme-platform@0.1.0 start
2026-06-11 04:45:56 +08:00: > next start
2026-06-11 04:45:56 +08:00: 
2026-06-11 04:45:58 +08:00: 
2026-06-11 04:45:58 +08:00: > newme-platform@0.1.0 start
2026-06-11 04:45:58 +08:00: > next start
2026-06-11 04:45:58 +08:00: 
2026-06-11 04:46:01 +08:00: 
2026-06-11 04:46:01 +08:00: > newme-platform@0.1.0 start
2026-06-11 04:46:01 +08:00: > next start
2026-06-11 04:46:01 +08:00: 
2026-06-11 05:00:57 +08:00: 
2026-06-11 05:00:57 +08:00: > newme-platform@0.1.0 start
2026-06-11 05:00:57 +08:00: > next start
2026-06-11 05:00:57 +08:00: 
2026-06-11 05:00:57 +08:00: 
2026-06-11 05:00:57 +08:00: > newme-platform@0.1.0 start
2026-06-11 05:00:57 +08:00: > next start
2026-06-11 05:00:57 +08:00: 
2026-06-11 05:00:58 +08:00: 
2026-06-11 05:00:58 +08:00: > newme-platform@0.1.0 start
2026-06-11 05:00:58 +08:00: > next start
2026-06-11 05:00:58 +08:00: 
2026-06-11 05:00:58 +08:00: 
2026-06-11 05:00:58 +08:00: > newme-platform@0.1.0 start
2026-06-11 05:00:58 +08:00: > next start
2026-06-11 05:00:58 +08:00: 
2026-06-11 05:00:59 +08:00: 
2026-06-11 05:00:59 +08:00: > newme-platform@0.1.0 start
2026-06-11 05:00:59 +08:00: > next start
2026-06-11 05:00:59 +08:00: 
2026-06-11 05:01:00 +08:00: 
2026-06-11 05:01:00 +08:00: > newme-platform@0.1.0 start
2026-06-11 05:01:00 +08:00: > next start
2026-06-11 05:01:00 +08:00: 
2026-06-11 05:01:01 +08:00: 
2026-06-11 05:01:01 +08:00: > newme-platform@0.1.0 start
2026-06-11 05:01:01 +08:00: > next start
2026-06-11 05:01:01 +08:00: 
2026-06-11 05:01:02 +08:00: 
2026-06-11 05:01:02 +08:00: > newme-platform@0.1.0 start
2026-06-11 05:01:02 +08:00: > next start
2026-06-11 05:01:02 +08:00: 
2026-06-11 05:01:05 +08:00: 
2026-06-11 05:01:05 +08:00: > newme-platform@0.1.0 start
2026-06-11 05:01:05 +08:00: > next start
2026-06-11 05:01:05 +08:00: 
2026-06-11 05:01:07 +08:00: 
2026-06-11 05:01:07 +08:00: > newme-platform@0.1.0 start
2026-06-11 05:01:07 +08:00: > next start
2026-06-11 05:01:07 +08:00: 
2026-06-11 05:15:03 +08:00: 
2026-06-11 05:15:03 +08:00: > newme-platform@0.1.0 start
2026-06-11 05:15:03 +08:00: > next start
2026-06-11 05:15:03 +08:00: 
2026-06-11 05:15:04 +08:00: 
2026-06-11 05:15:04 +08:00: > newme-platform@0.1.0 start
2026-06-11 05:15:04 +08:00: > next start
2026-06-11 05:15:04 +08:00: 
2026-06-11 05:15:04 +08:00: 
2026-06-11 05:15:04 +08:00: > newme-platform@0.1.0 start
2026-06-11 05:15:04 +08:00: > next start
2026-06-11 05:15:04 +08:00: 
2026-06-11 05:15:05 +08:00: 
2026-06-11 05:15:05 +08:00: > newme-platform@0.1.0 start
2026-06-11 05:15:05 +08:00: > next start
2026-06-11 05:15:05 +08:00: 
2026-06-11 05:15:05 +08:00: 
2026-06-11 05:15:05 +08:00: > newme-platform@0.1.0 start
2026-06-11 05:15:05 +08:00: > next start
2026-06-11 05:15:05 +08:00: 
2026-06-11 05:15:06 +08:00: 
2026-06-11 05:15:06 +08:00: > newme-platform@0.1.0 start
2026-06-11 05:15:06 +08:00: > next start
2026-06-11 05:15:06 +08:00: 
2026-06-11 05:15:07 +08:00: 
2026-06-11 05:15:07 +08:00: > newme-platform@0.1.0 start
2026-06-11 05:15:07 +08:00: > next start
2026-06-11 05:15:07 +08:00: 
2026-06-11 05:15:09 +08:00: 
2026-06-11 05:15:09 +08:00: > newme-platform@0.1.0 start
2026-06-11 05:15:09 +08:00: > next start
2026-06-11 05:15:09 +08:00: 
2026-06-11 05:15:11 +08:00: 
2026-06-11 05:15:11 +08:00: > newme-platform@0.1.0 start
2026-06-11 05:15:11 +08:00: > next start
2026-06-11 05:15:11 +08:00: 
2026-06-11 05:15:14 +08:00: 
2026-06-11 05:15:14 +08:00: > newme-platform@0.1.0 start
2026-06-11 05:15:14 +08:00: > next start
2026-06-11 05:15:14 +08:00: 
2026-06-11 05:30:10 +08:00: 
2026-06-11 05:30:10 +08:00: > newme-platform@0.1.0 start
2026-06-11 05:30:10 +08:00: > next start
2026-06-11 05:30:10 +08:00: 
2026-06-11 05:30:10 +08:00: 
2026-06-11 05:30:10 +08:00: > newme-platform@0.1.0 start
2026-06-11 05:30:10 +08:00: > next start
2026-06-11 05:30:10 +08:00: 
2026-06-11 05:30:11 +08:00: 
2026-06-11 05:30:11 +08:00: > newme-platform@0.1.0 start
2026-06-11 05:30:11 +08:00: > next start
2026-06-11 05:30:11 +08:00: 
2026-06-11 05:30:12 +08:00: 
2026-06-11 05:30:12 +08:00: > newme-platform@0.1.0 start
2026-06-11 05:30:12 +08:00: > next start
2026-06-11 05:30:12 +08:00: 
2026-06-11 05:30:12 +08:00: 
2026-06-11 05:30:12 +08:00: > newme-platform@0.1.0 start
2026-06-11 05:30:12 +08:00: > next start
2026-06-11 05:30:12 +08:00: 
2026-06-11 05:30:13 +08:00: 
2026-06-11 05:30:13 +08:00: > newme-platform@0.1.0 start
2026-06-11 05:30:13 +08:00: > next start
2026-06-11 05:30:13 +08:00: 
2026-06-11 05:30:15 +08:00: 
2026-06-11 05:30:15 +08:00: > newme-platform@0.1.0 start
2026-06-11 05:30:15 +08:00: > next start
2026-06-11 05:30:15 +08:00: 
2026-06-11 05:30:16 +08:00: 
2026-06-11 05:30:16 +08:00: > newme-platform@0.1.0 start
2026-06-11 05:30:16 +08:00: > next start
2026-06-11 05:30:16 +08:00: 
2026-06-11 05:30:19 +08:00: 
2026-06-11 05:30:19 +08:00: > newme-platform@0.1.0 start
2026-06-11 05:30:19 +08:00: > next start
2026-06-11 05:30:19 +08:00: 
2026-06-11 05:30:21 +08:00: 
2026-06-11 05:30:21 +08:00: > newme-platform@0.1.0 start
2026-06-11 05:30:21 +08:00: > next start
2026-06-11 05:30:21 +08:00: 
2026-06-11 05:45:17 +08:00: 
2026-06-11 05:45:17 +08:00: > newme-platform@0.1.0 start
2026-06-11 05:45:17 +08:00: > next start
2026-06-11 05:45:17 +08:00: 
2026-06-11 05:45:18 +08:00: 
2026-06-11 05:45:18 +08:00: > newme-platform@0.1.0 start
2026-06-11 05:45:18 +08:00: > next start
2026-06-11 05:45:18 +08:00: 
2026-06-11 05:45:18 +08:00: 
2026-06-11 05:45:18 +08:00: > newme-platform@0.1.0 start
2026-06-11 05:45:18 +08:00: > next start
2026-06-11 05:45:18 +08:00: 
2026-06-11 05:45:19 +08:00: 
2026-06-11 05:45:19 +08:00: > newme-platform@0.1.0 start
2026-06-11 05:45:19 +08:00: > next start
2026-06-11 05:45:19 +08:00: 
2026-06-11 05:45:19 +08:00: 
2026-06-11 05:45:19 +08:00: > newme-platform@0.1.0 start
2026-06-11 05:45:19 +08:00: > next start
2026-06-11 05:45:19 +08:00: 
2026-06-11 05:45:20 +08:00: 
2026-06-11 05:45:20 +08:00: > newme-platform@0.1.0 start
2026-06-11 05:45:20 +08:00: > next start
2026-06-11 05:45:20 +08:00: 
2026-06-11 05:45:21 +08:00: 
2026-06-11 05:45:21 +08:00: > newme-platform@0.1.0 start
2026-06-11 05:45:21 +08:00: > next start
2026-06-11 05:45:21 +08:00: 
2026-06-11 05:45:23 +08:00: 
2026-06-11 05:45:23 +08:00: > newme-platform@0.1.0 start
2026-06-11 05:45:23 +08:00: > next start
2026-06-11 05:45:23 +08:00: 
2026-06-11 05:45:25 +08:00: 
2026-06-11 05:45:25 +08:00: > newme-platform@0.1.0 start
2026-06-11 05:45:25 +08:00: > next start
2026-06-11 05:45:25 +08:00: 
2026-06-11 05:45:28 +08:00: 
2026-06-11 05:45:28 +08:00: > newme-platform@0.1.0 start
2026-06-11 05:45:28 +08:00: > next start
2026-06-11 05:45:28 +08:00: 
2026-06-11 06:00:24 +08:00: 
2026-06-11 06:00:24 +08:00: > newme-platform@0.1.0 start
2026-06-11 06:00:24 +08:00: > next start
2026-06-11 06:00:24 +08:00: 
2026-06-11 06:00:24 +08:00: 
2026-06-11 06:00:24 +08:00: > newme-platform@0.1.0 start
2026-06-11 06:00:24 +08:00: > next start
2026-06-11 06:00:24 +08:00: 
2026-06-11 06:00:25 +08:00: 
2026-06-11 06:00:25 +08:00: > newme-platform@0.1.0 start
2026-06-11 06:00:25 +08:00: > next start
2026-06-11 06:00:25 +08:00: 
2026-06-11 06:00:25 +08:00: 
2026-06-11 06:00:25 +08:00: > newme-platform@0.1.0 start
2026-06-11 06:00:25 +08:00: > next start
2026-06-11 06:00:25 +08:00: 
2026-06-11 06:00:26 +08:00: 
2026-06-11 06:00:26 +08:00: > newme-platform@0.1.0 start
2026-06-11 06:00:26 +08:00: > next start
2026-06-11 06:00:26 +08:00: 
2026-06-11 06:00:27 +08:00: 
2026-06-11 06:00:27 +08:00: > newme-platform@0.1.0 start
2026-06-11 06:00:27 +08:00: > next start
2026-06-11 06:00:27 +08:00: 
2026-06-11 06:00:28 +08:00: 
2026-06-11 06:00:28 +08:00: > newme-platform@0.1.0 start
2026-06-11 06:00:28 +08:00: > next start
2026-06-11 06:00:28 +08:00: 
2026-06-11 06:00:30 +08:00: 
2026-06-11 06:00:30 +08:00: > newme-platform@0.1.0 start
2026-06-11 06:00:30 +08:00: > next start
2026-06-11 06:00:30 +08:00: 
2026-06-11 06:00:32 +08:00: 
2026-06-11 06:00:32 +08:00: > newme-platform@0.1.0 start
2026-06-11 06:00:32 +08:00: > next start
2026-06-11 06:00:32 +08:00: 
2026-06-11 06:00:35 +08:00: 
2026-06-11 06:00:35 +08:00: > newme-platform@0.1.0 start
2026-06-11 06:00:35 +08:00: > next start
2026-06-11 06:00:35 +08:00: 
2026-06-11 06:15:30 +08:00: 
2026-06-11 06:15:30 +08:00: > newme-platform@0.1.0 start
2026-06-11 06:15:30 +08:00: > next start
2026-06-11 06:15:30 +08:00: 
2026-06-11 06:15:31 +08:00: 
2026-06-11 06:15:31 +08:00: > newme-platform@0.1.0 start
2026-06-11 06:15:31 +08:00: > next start
2026-06-11 06:15:31 +08:00: 
2026-06-11 06:15:31 +08:00: 
2026-06-11 06:15:31 +08:00: > newme-platform@0.1.0 start
2026-06-11 06:15:31 +08:00: > next start
2026-06-11 06:15:31 +08:00: 
2026-06-11 06:15:32 +08:00: 
2026-06-11 06:15:32 +08:00: > newme-platform@0.1.0 start
2026-06-11 06:15:32 +08:00: > next start
2026-06-11 06:15:32 +08:00: 
2026-06-11 06:15:33 +08:00: 
2026-06-11 06:15:33 +08:00: > newme-platform@0.1.0 start
2026-06-11 06:15:33 +08:00: > next start
2026-06-11 06:15:33 +08:00: 
2026-06-11 06:15:34 +08:00: 
2026-06-11 06:15:34 +08:00: > newme-platform@0.1.0 start
2026-06-11 06:15:34 +08:00: > next start
2026-06-11 06:15:34 +08:00: 
2026-06-11 06:15:35 +08:00: 
2026-06-11 06:15:35 +08:00: > newme-platform@0.1.0 start
2026-06-11 06:15:35 +08:00: > next start
2026-06-11 06:15:35 +08:00: 
2026-06-11 06:15:36 +08:00: 
2026-06-11 06:15:36 +08:00: > newme-platform@0.1.0 start
2026-06-11 06:15:36 +08:00: > next start
2026-06-11 06:15:36 +08:00: 
2026-06-11 06:15:38 +08:00: 
2026-06-11 06:15:38 +08:00: > newme-platform@0.1.0 start
2026-06-11 06:15:38 +08:00: > next start
2026-06-11 06:15:38 +08:00: 
2026-06-11 06:15:41 +08:00: 
2026-06-11 06:15:41 +08:00: > newme-platform@0.1.0 start
2026-06-11 06:15:41 +08:00: > next start
2026-06-11 06:15:41 +08:00: 
2026-06-11 06:30:37 +08:00: 
2026-06-11 06:30:37 +08:00: > newme-platform@0.1.0 start
2026-06-11 06:30:37 +08:00: > next start
2026-06-11 06:30:37 +08:00: 
2026-06-11 06:30:37 +08:00: 
2026-06-11 06:30:37 +08:00: > newme-platform@0.1.0 start
2026-06-11 06:30:37 +08:00: > next start
2026-06-11 06:30:37 +08:00: 
2026-06-11 06:30:38 +08:00: 
2026-06-11 06:30:38 +08:00: > newme-platform@0.1.0 start
2026-06-11 06:30:38 +08:00: > next start
2026-06-11 06:30:38 +08:00: 
2026-06-11 06:30:38 +08:00: 
2026-06-11 06:30:38 +08:00: > newme-platform@0.1.0 start
2026-06-11 06:30:38 +08:00: > next start
2026-06-11 06:30:38 +08:00: 
2026-06-11 06:30:39 +08:00: 
2026-06-11 06:30:39 +08:00: > newme-platform@0.1.0 start
2026-06-11 06:30:39 +08:00: > next start
2026-06-11 06:30:39 +08:00: 
2026-06-11 06:30:40 +08:00: 
2026-06-11 06:30:40 +08:00: > newme-platform@0.1.0 start
2026-06-11 06:30:40 +08:00: > next start
2026-06-11 06:30:40 +08:00: 
2026-06-11 06:30:41 +08:00: 
2026-06-11 06:30:41 +08:00: > newme-platform@0.1.0 start
2026-06-11 06:30:41 +08:00: > next start
2026-06-11 06:30:41 +08:00: 
2026-06-11 06:30:43 +08:00: 
2026-06-11 06:30:43 +08:00: > newme-platform@0.1.0 start
2026-06-11 06:30:43 +08:00: > next start
2026-06-11 06:30:43 +08:00: 
2026-06-11 06:30:45 +08:00: 
2026-06-11 06:30:45 +08:00: > newme-platform@0.1.0 start
2026-06-11 06:30:45 +08:00: > next start
2026-06-11 06:30:45 +08:00: 
2026-06-11 06:30:48 +08:00: 
2026-06-11 06:30:48 +08:00: > newme-platform@0.1.0 start
2026-06-11 06:30:48 +08:00: > next start
2026-06-11 06:30:48 +08:00: 
2026-06-11 06:45:44 +08:00: 
2026-06-11 06:45:44 +08:00: > newme-platform@0.1.0 start
2026-06-11 06:45:44 +08:00: > next start
2026-06-11 06:45:44 +08:00: 
2026-06-11 06:45:45 +08:00: 
2026-06-11 06:45:45 +08:00: > newme-platform@0.1.0 start
2026-06-11 06:45:45 +08:00: > next start
2026-06-11 06:45:45 +08:00: 
2026-06-11 06:45:45 +08:00: 
2026-06-11 06:45:45 +08:00: > newme-platform@0.1.0 start
2026-06-11 06:45:45 +08:00: > next start
2026-06-11 06:45:45 +08:00: 
2026-06-11 06:45:46 +08:00: 
2026-06-11 06:45:46 +08:00: > newme-platform@0.1.0 start
2026-06-11 06:45:46 +08:00: > next start
2026-06-11 06:45:46 +08:00: 
2026-06-11 06:45:47 +08:00: 
2026-06-11 06:45:47 +08:00: > newme-platform@0.1.0 start
2026-06-11 06:45:47 +08:00: > next start
2026-06-11 06:45:47 +08:00: 
2026-06-11 06:45:47 +08:00: 
2026-06-11 06:45:47 +08:00: > newme-platform@0.1.0 start
2026-06-11 06:45:47 +08:00: > next start
2026-06-11 06:45:47 +08:00: 
2026-06-11 06:45:49 +08:00: 
2026-06-11 06:45:49 +08:00: > newme-platform@0.1.0 start
2026-06-11 06:45:49 +08:00: > next start
2026-06-11 06:45:49 +08:00: 
2026-06-11 06:45:50 +08:00: 
2026-06-11 06:45:50 +08:00: > newme-platform@0.1.0 start
2026-06-11 06:45:50 +08:00: > next start
2026-06-11 06:45:50 +08:00: 
2026-06-11 06:45:53 +08:00: 
2026-06-11 06:45:53 +08:00: > newme-platform@0.1.0 start
2026-06-11 06:45:53 +08:00: > next start
2026-06-11 06:45:53 +08:00: 
2026-06-11 06:45:55 +08:00: 
2026-06-11 06:45:55 +08:00: > newme-platform@0.1.0 start
2026-06-11 06:45:55 +08:00: > next start
2026-06-11 06:45:55 +08:00: 
2026-06-11 07:00:50 +08:00: 
2026-06-11 07:00:50 +08:00: > newme-platform@0.1.0 start
2026-06-11 07:00:50 +08:00: > next start
2026-06-11 07:00:50 +08:00: 
2026-06-11 07:00:51 +08:00: 
2026-06-11 07:00:51 +08:00: > newme-platform@0.1.0 start
2026-06-11 07:00:51 +08:00: > next start
2026-06-11 07:00:51 +08:00: 
2026-06-11 07:00:52 +08:00: 
2026-06-11 07:00:52 +08:00: > newme-platform@0.1.0 start
2026-06-11 07:00:52 +08:00: > next start
2026-06-11 07:00:52 +08:00: 
2026-06-11 07:00:52 +08:00: 
2026-06-11 07:00:52 +08:00: > newme-platform@0.1.0 start
2026-06-11 07:00:52 +08:00: > next start
2026-06-11 07:00:52 +08:00: 
2026-06-11 07:00:53 +08:00: 
2026-06-11 07:00:53 +08:00: > newme-platform@0.1.0 start
2026-06-11 07:00:53 +08:00: > next start
2026-06-11 07:00:53 +08:00: 
2026-06-11 07:00:54 +08:00: 
2026-06-11 07:00:54 +08:00: > newme-platform@0.1.0 start
2026-06-11 07:00:54 +08:00: > next start
2026-06-11 07:00:54 +08:00: 
2026-06-11 07:00:55 +08:00: 
2026-06-11 07:00:55 +08:00: > newme-platform@0.1.0 start
2026-06-11 07:00:55 +08:00: > next start
2026-06-11 07:00:55 +08:00: 
2026-06-11 07:00:56 +08:00: 
2026-06-11 07:00:56 +08:00: > newme-platform@0.1.0 start
2026-06-11 07:00:56 +08:00: > next start
2026-06-11 07:00:56 +08:00: 
2026-06-11 07:00:59 +08:00: 
2026-06-11 07:00:59 +08:00: > newme-platform@0.1.0 start
2026-06-11 07:00:59 +08:00: > next start
2026-06-11 07:00:59 +08:00: 
2026-06-11 07:01:01 +08:00: 
2026-06-11 07:01:01 +08:00: > newme-platform@0.1.0 start
2026-06-11 07:01:01 +08:00: > next start
2026-06-11 07:01:01 +08:00: 
2026-06-11 07:09:28 +08:00: 
2026-06-11 07:09:28 +08:00: > newme-platform@0.1.0 start
2026-06-11 07:09:28 +08:00: > next start
2026-06-11 07:09:28 +08:00: 
2026-06-11 07:09:28 +08:00: 
2026-06-11 07:09:28 +08:00: > newme-platform@0.1.0 start
2026-06-11 07:09:28 +08:00: > next start
2026-06-11 07:09:28 +08:00: 
2026-06-11 07:09:29 +08:00: 
2026-06-11 07:09:29 +08:00: > newme-platform@0.1.0 start
2026-06-11 07:09:29 +08:00: > next start
2026-06-11 07:09:29 +08:00: 
2026-06-11 07:09:29 +08:00: 
2026-06-11 07:09:29 +08:00: > newme-platform@0.1.0 start
2026-06-11 07:09:29 +08:00: > next start
2026-06-11 07:09:29 +08:00: 
2026-06-11 07:09:30 +08:00: 
2026-06-11 07:09:30 +08:00: > newme-platform@0.1.0 start
2026-06-11 07:09:30 +08:00: > next start
2026-06-11 07:09:30 +08:00: 
2026-06-11 07:09:31 +08:00: 
2026-06-11 07:09:31 +08:00: > newme-platform@0.1.0 start
2026-06-11 07:09:31 +08:00: > next start
2026-06-11 07:09:31 +08:00: 
2026-06-11 07:09:32 +08:00: 
2026-06-11 07:09:32 +08:00: > newme-platform@0.1.0 start
2026-06-11 07:09:32 +08:00: > next start
2026-06-11 07:09:32 +08:00: 
2026-06-11 07:09:34 +08:00: 
2026-06-11 07:09:34 +08:00: > newme-platform@0.1.0 start
2026-06-11 07:09:34 +08:00: > next start
2026-06-11 07:09:34 +08:00: 
2026-06-11 07:09:36 +08:00: 
2026-06-11 07:09:36 +08:00: > newme-platform@0.1.0 start
2026-06-11 07:09:36 +08:00: > next start
2026-06-11 07:09:36 +08:00: 
2026-06-11 07:09:39 +08:00: 
2026-06-11 07:09:39 +08:00: > newme-platform@0.1.0 start
2026-06-11 07:09:39 +08:00: > next start
2026-06-11 07:09:39 +08:00: 
2026-06-11 08:00:21 +08:00: 
2026-06-11 08:00:21 +08:00: > newme-platform@0.1.0 start
2026-06-11 08:00:21 +08:00: > next start
2026-06-11 08:00:21 +08:00: 
2026-06-11 08:00:21 +08:00: 
2026-06-11 08:00:21 +08:00: > newme-platform@0.1.0 start
2026-06-11 08:00:21 +08:00: > next start
2026-06-11 08:00:21 +08:00: 
2026-06-11 08:00:22 +08:00: 
2026-06-11 08:00:22 +08:00: > newme-platform@0.1.0 start
2026-06-11 08:00:22 +08:00: > next start
2026-06-11 08:00:22 +08:00: 
2026-06-11 08:00:22 +08:00: 
2026-06-11 08:00:22 +08:00: > newme-platform@0.1.0 start
2026-06-11 08:00:22 +08:00: > next start
2026-06-11 08:00:22 +08:00: 
2026-06-11 08:00:23 +08:00: 
2026-06-11 08:00:23 +08:00: > newme-platform@0.1.0 start
2026-06-11 08:00:23 +08:00: > next start
2026-06-11 08:00:23 +08:00: 
2026-06-11 08:00:24 +08:00: 
2026-06-11 08:00:24 +08:00: > newme-platform@0.1.0 start
2026-06-11 08:00:24 +08:00: > next start
2026-06-11 08:00:24 +08:00: 
2026-06-11 08:00:25 +08:00: 
2026-06-11 08:00:25 +08:00: > newme-platform@0.1.0 start
2026-06-11 08:00:25 +08:00: > next start
2026-06-11 08:00:25 +08:00: 
2026-06-11 08:00:26 +08:00: 
2026-06-11 08:00:26 +08:00: > newme-platform@0.1.0 start
2026-06-11 08:00:26 +08:00: > next start
2026-06-11 08:00:26 +08:00: 
2026-06-11 08:00:29 +08:00: 
2026-06-11 08:00:29 +08:00: > newme-platform@0.1.0 start
2026-06-11 08:00:29 +08:00: > next start
2026-06-11 08:00:29 +08:00: 
2026-06-11 08:00:31 +08:00: 
2026-06-11 08:00:31 +08:00: > newme-platform@0.1.0 start
2026-06-11 08:00:31 +08:00: > next start
2026-06-11 08:00:31 +08:00: 
2026-06-11 09:00:27 +08:00: 
2026-06-11 09:00:27 +08:00: > newme-platform@0.1.0 start
2026-06-11 09:00:27 +08:00: > next start
2026-06-11 09:00:27 +08:00: 
2026-06-11 09:00:28 +08:00: 
2026-06-11 09:00:28 +08:00: > newme-platform@0.1.0 start
2026-06-11 09:00:28 +08:00: > next start
2026-06-11 09:00:28 +08:00: 
2026-06-11 09:00:28 +08:00: 
2026-06-11 09:00:28 +08:00: > newme-platform@0.1.0 start
2026-06-11 09:00:28 +08:00: > next start
2026-06-11 09:00:28 +08:00: 
2026-06-11 09:00:29 +08:00: 
2026-06-11 09:00:29 +08:00: > newme-platform@0.1.0 start
2026-06-11 09:00:29 +08:00: > next start
2026-06-11 09:00:29 +08:00: 
2026-06-11 09:00:30 +08:00: 
2026-06-11 09:00:30 +08:00: > newme-platform@0.1.0 start
2026-06-11 09:00:30 +08:00: > next start
2026-06-11 09:00:30 +08:00: 
2026-06-11 09:00:31 +08:00: 
2026-06-11 09:00:31 +08:00: > newme-platform@0.1.0 start
2026-06-11 09:00:31 +08:00: > next start
2026-06-11 09:00:31 +08:00: 
2026-06-11 09:00:32 +08:00: 
2026-06-11 09:00:32 +08:00: > newme-platform@0.1.0 start
2026-06-11 09:00:32 +08:00: > next start
2026-06-11 09:00:32 +08:00: 
2026-06-11 09:00:33 +08:00: 
2026-06-11 09:00:33 +08:00: > newme-platform@0.1.0 start
2026-06-11 09:00:33 +08:00: > next start
2026-06-11 09:00:33 +08:00: 
2026-06-11 09:00:35 +08:00: 
2026-06-11 09:00:35 +08:00: > newme-platform@0.1.0 start
2026-06-11 09:00:35 +08:00: > next start
2026-06-11 09:00:35 +08:00: 
2026-06-11 09:00:38 +08:00: 
2026-06-11 09:00:38 +08:00: > newme-platform@0.1.0 start
2026-06-11 09:00:38 +08:00: > next start
2026-06-11 09:00:38 +08:00: 
2026-06-11 10:00:34 +08:00: 
2026-06-11 10:00:34 +08:00: > newme-platform@0.1.0 start
2026-06-11 10:00:34 +08:00: > next start
2026-06-11 10:00:34 +08:00: 
2026-06-11 10:00:34 +08:00: 
2026-06-11 10:00:34 +08:00: > newme-platform@0.1.0 start
2026-06-11 10:00:34 +08:00: > next start
2026-06-11 10:00:34 +08:00: 
2026-06-11 10:00:35 +08:00: 
2026-06-11 10:00:35 +08:00: > newme-platform@0.1.0 start
2026-06-11 10:00:35 +08:00: > next start
2026-06-11 10:00:35 +08:00: 
2026-06-11 10:00:35 +08:00: 
2026-06-11 10:00:35 +08:00: > newme-platform@0.1.0 start
2026-06-11 10:00:35 +08:00: > next start
2026-06-11 10:00:35 +08:00: 
2026-06-11 10:00:36 +08:00: 
2026-06-11 10:00:36 +08:00: > newme-platform@0.1.0 start
2026-06-11 10:00:36 +08:00: > next start
2026-06-11 10:00:36 +08:00: 
2026-06-11 10:00:37 +08:00: 
2026-06-11 10:00:37 +08:00: > newme-platform@0.1.0 start
2026-06-11 10:00:37 +08:00: > next start
2026-06-11 10:00:37 +08:00: 
2026-06-11 10:00:38 +08:00: 
2026-06-11 10:00:38 +08:00: > newme-platform@0.1.0 start
2026-06-11 10:00:38 +08:00: > next start
2026-06-11 10:00:38 +08:00: 
2026-06-11 10:00:40 +08:00: 
2026-06-11 10:00:40 +08:00: > newme-platform@0.1.0 start
2026-06-11 10:00:40 +08:00: > next start
2026-06-11 10:00:40 +08:00: 
2026-06-11 10:00:42 +08:00: 
2026-06-11 10:00:42 +08:00: > newme-platform@0.1.0 start
2026-06-11 10:00:42 +08:00: > next start
2026-06-11 10:00:42 +08:00: 
2026-06-11 10:00:45 +08:00: 
2026-06-11 10:00:45 +08:00: > newme-platform@0.1.0 start
2026-06-11 10:00:45 +08:00: > next start
2026-06-11 10:00:45 +08:00: 
2026-06-11 11:00:41 +08:00: 
2026-06-11 11:00:41 +08:00: > newme-platform@0.1.0 start
2026-06-11 11:00:41 +08:00: > next start
2026-06-11 11:00:41 +08:00: 
2026-06-11 11:00:41 +08:00: 
2026-06-11 11:00:41 +08:00: > newme-platform@0.1.0 start
2026-06-11 11:00:41 +08:00: > next start
2026-06-11 11:00:41 +08:00: 
2026-06-11 11:00:42 +08:00: 
2026-06-11 11:00:42 +08:00: > newme-platform@0.1.0 start
2026-06-11 11:00:42 +08:00: > next start
2026-06-11 11:00:42 +08:00: 
2026-06-11 11:00:43 +08:00: 
2026-06-11 11:00:43 +08:00: > newme-platform@0.1.0 start
2026-06-11 11:00:43 +08:00: > next start
2026-06-11 11:00:43 +08:00: 
2026-06-11 11:00:43 +08:00: 
2026-06-11 11:00:43 +08:00: > newme-platform@0.1.0 start
2026-06-11 11:00:43 +08:00: > next start
2026-06-11 11:00:43 +08:00: 
2026-06-11 11:00:44 +08:00: 
2026-06-11 11:00:44 +08:00: > newme-platform@0.1.0 start
2026-06-11 11:00:44 +08:00: > next start
2026-06-11 11:00:44 +08:00: 
2026-06-11 11:00:45 +08:00: 
2026-06-11 11:00:45 +08:00: > newme-platform@0.1.0 start
2026-06-11 11:00:45 +08:00: > next start
2026-06-11 11:00:45 +08:00: 
2026-06-11 11:00:47 +08:00: 
2026-06-11 11:00:47 +08:00: > newme-platform@0.1.0 start
2026-06-11 11:00:47 +08:00: > next start
2026-06-11 11:00:47 +08:00: 
2026-06-11 11:00:49 +08:00: 
2026-06-11 11:00:49 +08:00: > newme-platform@0.1.0 start
2026-06-11 11:00:49 +08:00: > next start
2026-06-11 11:00:49 +08:00: 
2026-06-11 11:00:52 +08:00: 
2026-06-11 11:00:52 +08:00: > newme-platform@0.1.0 start
2026-06-11 11:00:52 +08:00: > next start
2026-06-11 11:00:52 +08:00: 
2026-06-11 12:00:47 +08:00: 
2026-06-11 12:00:47 +08:00: > newme-platform@0.1.0 start
2026-06-11 12:00:47 +08:00: > next start
2026-06-11 12:00:47 +08:00: 
2026-06-11 12:00:48 +08:00: 
2026-06-11 12:00:48 +08:00: > newme-platform@0.1.0 start
2026-06-11 12:00:48 +08:00: > next start
2026-06-11 12:00:48 +08:00: 
2026-06-11 12:00:48 +08:00: 
2026-06-11 12:00:48 +08:00: > newme-platform@0.1.0 start
2026-06-11 12:00:48 +08:00: > next start
2026-06-11 12:00:48 +08:00: 
2026-06-11 12:00:49 +08:00: 
2026-06-11 12:00:49 +08:00: > newme-platform@0.1.0 start
2026-06-11 12:00:49 +08:00: > next start
2026-06-11 12:00:49 +08:00: 
2026-06-11 12:00:50 +08:00: 
2026-06-11 12:00:50 +08:00: > newme-platform@0.1.0 start
2026-06-11 12:00:50 +08:00: > next start
2026-06-11 12:00:50 +08:00: 
2026-06-11 12:00:51 +08:00: 
2026-06-11 12:00:51 +08:00: > newme-platform@0.1.0 start
2026-06-11 12:00:51 +08:00: > next start
2026-06-11 12:00:51 +08:00: 
2026-06-11 12:00:52 +08:00: 
2026-06-11 12:00:52 +08:00: > newme-platform@0.1.0 start
2026-06-11 12:00:52 +08:00: > next start
2026-06-11 12:00:52 +08:00: 
2026-06-11 12:00:53 +08:00: 
2026-06-11 12:00:53 +08:00: > newme-platform@0.1.0 start
2026-06-11 12:00:53 +08:00: > next start
2026-06-11 12:00:53 +08:00: 
2026-06-11 12:00:55 +08:00: 
2026-06-11 12:00:55 +08:00: > newme-platform@0.1.0 start
2026-06-11 12:00:55 +08:00: > next start
2026-06-11 12:00:55 +08:00: 
2026-06-11 12:00:58 +08:00: 
2026-06-11 12:00:58 +08:00: > newme-platform@0.1.0 start
2026-06-11 12:00:58 +08:00: > next start
2026-06-11 12:00:58 +08:00: 
2026-06-11 13:00:55 +08:00: 
2026-06-11 13:00:55 +08:00: > newme-platform@0.1.0 start
2026-06-11 13:00:55 +08:00: > next start
2026-06-11 13:00:55 +08:00: 
2026-06-11 13:00:55 +08:00: 
2026-06-11 13:00:55 +08:00: > newme-platform@0.1.0 start
2026-06-11 13:00:55 +08:00: > next start
2026-06-11 13:00:55 +08:00: 
2026-06-11 13:00:56 +08:00: 
2026-06-11 13:00:56 +08:00: > newme-platform@0.1.0 start
2026-06-11 13:00:56 +08:00: > next start
2026-06-11 13:00:56 +08:00: 
2026-06-11 13:00:56 +08:00: 
2026-06-11 13:00:56 +08:00: > newme-platform@0.1.0 start
2026-06-11 13:00:56 +08:00: > next start
2026-06-11 13:00:56 +08:00: 
2026-06-11 13:00:57 +08:00: 
2026-06-11 13:00:57 +08:00: > newme-platform@0.1.0 start
2026-06-11 13:00:57 +08:00: > next start
2026-06-11 13:00:57 +08:00: 
2026-06-11 13:00:58 +08:00: 
2026-06-11 13:00:58 +08:00: > newme-platform@0.1.0 start
2026-06-11 13:00:58 +08:00: > next start
2026-06-11 13:00:58 +08:00: 
2026-06-11 13:00:59 +08:00: 
2026-06-11 13:00:59 +08:00: > newme-platform@0.1.0 start
2026-06-11 13:00:59 +08:00: > next start
2026-06-11 13:00:59 +08:00: 
2026-06-11 13:01:01 +08:00: 
2026-06-11 13:01:01 +08:00: > newme-platform@0.1.0 start
2026-06-11 13:01:01 +08:00: > next start
2026-06-11 13:01:01 +08:00: 
2026-06-11 13:01:03 +08:00: 
2026-06-11 13:01:03 +08:00: > newme-platform@0.1.0 start
2026-06-11 13:01:03 +08:00: > next start
2026-06-11 13:01:03 +08:00: 
2026-06-11 13:01:06 +08:00: 
2026-06-11 13:01:06 +08:00: > newme-platform@0.1.0 start
2026-06-11 13:01:06 +08:00: > next start
2026-06-11 13:01:06 +08:00: 
2026-06-11 14:00:51 +08:00: 
2026-06-11 14:00:51 +08:00: > newme-platform@0.1.0 start
2026-06-11 14:00:51 +08:00: > next start
2026-06-11 14:00:51 +08:00: 
2026-06-11 14:00:52 +08:00: 
2026-06-11 14:00:52 +08:00: > newme-platform@0.1.0 start
2026-06-11 14:00:52 +08:00: > next start
2026-06-11 14:00:52 +08:00: 
2026-06-11 14:00:52 +08:00: 
2026-06-11 14:00:52 +08:00: > newme-platform@0.1.0 start
2026-06-11 14:00:52 +08:00: > next start
2026-06-11 14:00:52 +08:00: 
2026-06-11 14:00:53 +08:00: 
2026-06-11 14:00:53 +08:00: > newme-platform@0.1.0 start
2026-06-11 14:00:53 +08:00: > next start
2026-06-11 14:00:53 +08:00: 
2026-06-11 14:00:54 +08:00: 
2026-06-11 14:00:54 +08:00: > newme-platform@0.1.0 start
2026-06-11 14:00:54 +08:00: > next start
2026-06-11 14:00:54 +08:00: 
2026-06-11 14:00:55 +08:00: 
2026-06-11 14:00:55 +08:00: > newme-platform@0.1.0 start
2026-06-11 14:00:55 +08:00: > next start
2026-06-11 14:00:55 +08:00: 
2026-06-11 14:00:56 +08:00: 
2026-06-11 14:00:56 +08:00: > newme-platform@0.1.0 start
2026-06-11 14:00:56 +08:00: > next start
2026-06-11 14:00:56 +08:00: 
2026-06-11 14:00:57 +08:00: 
2026-06-11 14:00:57 +08:00: > newme-platform@0.1.0 start
2026-06-11 14:00:57 +08:00: > next start
2026-06-11 14:00:57 +08:00: 
2026-06-11 14:00:59 +08:00: 
2026-06-11 14:00:59 +08:00: > newme-platform@0.1.0 start
2026-06-11 14:00:59 +08:00: > next start
2026-06-11 14:00:59 +08:00: 
2026-06-11 14:01:02 +08:00: 
2026-06-11 14:01:02 +08:00: > newme-platform@0.1.0 start
2026-06-11 14:01:02 +08:00: > next start
2026-06-11 14:01:02 +08:00: 
2026-06-11 15:00:58 +08:00: 
2026-06-11 15:00:58 +08:00: > newme-platform@0.1.0 start
2026-06-11 15:00:58 +08:00: > next start
2026-06-11 15:00:58 +08:00: 
2026-06-11 15:00:59 +08:00: 
2026-06-11 15:00:59 +08:00: > newme-platform@0.1.0 start
2026-06-11 15:00:59 +08:00: > next start
2026-06-11 15:00:59 +08:00: 
2026-06-11 15:00:59 +08:00: 
2026-06-11 15:00:59 +08:00: > newme-platform@0.1.0 start
2026-06-11 15:00:59 +08:00: > next start
2026-06-11 15:00:59 +08:00: 
2026-06-11 15:01:00 +08:00: 
2026-06-11 15:01:00 +08:00: > newme-platform@0.1.0 start
2026-06-11 15:01:00 +08:00: > next start
2026-06-11 15:01:00 +08:00: 
2026-06-11 15:01:01 +08:00: 
2026-06-11 15:01:01 +08:00: > newme-platform@0.1.0 start
2026-06-11 15:01:01 +08:00: > next start
2026-06-11 15:01:01 +08:00: 
2026-06-11 15:01:02 +08:00: 
2026-06-11 15:01:02 +08:00: > newme-platform@0.1.0 start
2026-06-11 15:01:02 +08:00: > next start
2026-06-11 15:01:02 +08:00: 
2026-06-11 15:01:03 +08:00: 
2026-06-11 15:01:03 +08:00: > newme-platform@0.1.0 start
2026-06-11 15:01:03 +08:00: > next start
2026-06-11 15:01:03 +08:00: 
2026-06-11 15:01:04 +08:00: 
2026-06-11 15:01:04 +08:00: > newme-platform@0.1.0 start
2026-06-11 15:01:04 +08:00: > next start
2026-06-11 15:01:04 +08:00: 
2026-06-11 15:01:06 +08:00: 
2026-06-11 15:01:06 +08:00: > newme-platform@0.1.0 start
2026-06-11 15:01:06 +08:00: > next start
2026-06-11 15:01:06 +08:00: 
2026-06-11 15:01:09 +08:00: 
2026-06-11 15:01:09 +08:00: > newme-platform@0.1.0 start
2026-06-11 15:01:09 +08:00: > next start
2026-06-11 15:01:09 +08:00: 
2026-06-11 16:00:05 +08:00: 
2026-06-11 16:00:05 +08:00: > newme-platform@0.1.0 start
2026-06-11 16:00:05 +08:00: > next start
2026-06-11 16:00:05 +08:00: 
2026-06-11 16:00:05 +08:00: 
2026-06-11 16:00:05 +08:00: > newme-platform@0.1.0 start
2026-06-11 16:00:05 +08:00: > next start
2026-06-11 16:00:05 +08:00: 
2026-06-11 16:00:06 +08:00: 
2026-06-11 16:00:06 +08:00: > newme-platform@0.1.0 start
2026-06-11 16:00:06 +08:00: > next start
2026-06-11 16:00:06 +08:00: 
2026-06-11 16:00:07 +08:00: 
2026-06-11 16:00:07 +08:00: > newme-platform@0.1.0 start
2026-06-11 16:00:07 +08:00: > next start
2026-06-11 16:00:07 +08:00: 
2026-06-11 16:00:07 +08:00: 
2026-06-11 16:00:07 +08:00: > newme-platform@0.1.0 start
2026-06-11 16:00:07 +08:00: > next start
2026-06-11 16:00:07 +08:00: 
2026-06-11 16:00:08 +08:00: 
2026-06-11 16:00:08 +08:00: > newme-platform@0.1.0 start
2026-06-11 16:00:08 +08:00: > next start
2026-06-11 16:00:08 +08:00: 
2026-06-11 16:00:09 +08:00: 
2026-06-11 16:00:09 +08:00: > newme-platform@0.1.0 start
2026-06-11 16:00:09 +08:00: > next start
2026-06-11 16:00:09 +08:00: 
2026-06-11 16:00:11 +08:00: 
2026-06-11 16:00:11 +08:00: > newme-platform@0.1.0 start
2026-06-11 16:00:11 +08:00: > next start
2026-06-11 16:00:11 +08:00: 
2026-06-11 16:00:13 +08:00: 
2026-06-11 16:00:13 +08:00: > newme-platform@0.1.0 start
2026-06-11 16:00:13 +08:00: > next start
2026-06-11 16:00:13 +08:00: 
2026-06-11 16:00:16 +08:00: 
2026-06-11 16:00:16 +08:00: > newme-platform@0.1.0 start
2026-06-11 16:00:16 +08:00: > next start
2026-06-11 16:00:16 +08:00: 
2026-06-11 17:00:11 +08:00: 
2026-06-11 17:00:11 +08:00: > newme-platform@0.1.0 start
2026-06-11 17:00:11 +08:00: > next start
2026-06-11 17:00:11 +08:00: 
2026-06-11 17:00:12 +08:00: 
2026-06-11 17:00:12 +08:00: > newme-platform@0.1.0 start
2026-06-11 17:00:12 +08:00: > next start
2026-06-11 17:00:12 +08:00: 
2026-06-11 17:00:12 +08:00: 
2026-06-11 17:00:12 +08:00: > newme-platform@0.1.0 start
2026-06-11 17:00:12 +08:00: > next start
2026-06-11 17:00:12 +08:00: 
2026-06-11 17:00:13 +08:00: 
2026-06-11 17:00:13 +08:00: > newme-platform@0.1.0 start
2026-06-11 17:00:13 +08:00: > next start
2026-06-11 17:00:13 +08:00: 
2026-06-11 17:00:14 +08:00: 
2026-06-11 17:00:14 +08:00: > newme-platform@0.1.0 start
2026-06-11 17:00:14 +08:00: > next start
2026-06-11 17:00:14 +08:00: 
2026-06-11 17:00:15 +08:00: 
2026-06-11 17:00:15 +08:00: > newme-platform@0.1.0 start
2026-06-11 17:00:15 +08:00: > next start
2026-06-11 17:00:15 +08:00: 
2026-06-11 17:00:16 +08:00: 
2026-06-11 17:00:16 +08:00: > newme-platform@0.1.0 start
2026-06-11 17:00:16 +08:00: > next start
2026-06-11 17:00:16 +08:00: 
2026-06-11 17:00:17 +08:00: 
2026-06-11 17:00:17 +08:00: > newme-platform@0.1.0 start
2026-06-11 17:00:17 +08:00: > next start
2026-06-11 17:00:17 +08:00: 
2026-06-11 17:00:19 +08:00: 
2026-06-11 17:00:19 +08:00: > newme-platform@0.1.0 start
2026-06-11 17:00:19 +08:00: > next start
2026-06-11 17:00:19 +08:00: 
2026-06-11 17:00:22 +08:00: 
2026-06-11 17:00:22 +08:00: > newme-platform@0.1.0 start
2026-06-11 17:00:22 +08:00: > next start
2026-06-11 17:00:22 +08:00: 
2026-06-11 18:00:18 +08:00: 
2026-06-11 18:00:18 +08:00: > newme-platform@0.1.0 start
2026-06-11 18:00:18 +08:00: > next start
2026-06-11 18:00:18 +08:00: 
2026-06-11 18:00:19 +08:00: 
2026-06-11 18:00:19 +08:00: > newme-platform@0.1.0 start
2026-06-11 18:00:19 +08:00: > next start
2026-06-11 18:00:19 +08:00: 
2026-06-11 18:00:19 +08:00: 
2026-06-11 18:00:19 +08:00: > newme-platform@0.1.0 start
2026-06-11 18:00:19 +08:00: > next start
2026-06-11 18:00:19 +08:00: 
2026-06-11 18:00:20 +08:00: 
2026-06-11 18:00:20 +08:00: > newme-platform@0.1.0 start
2026-06-11 18:00:20 +08:00: > next start
2026-06-11 18:00:20 +08:00: 
2026-06-11 18:00:20 +08:00: 
2026-06-11 18:00:20 +08:00: > newme-platform@0.1.0 start
2026-06-11 18:00:20 +08:00: > next start
2026-06-11 18:00:20 +08:00: 
2026-06-11 18:00:21 +08:00: 
2026-06-11 18:00:21 +08:00: > newme-platform@0.1.0 start
2026-06-11 18:00:21 +08:00: > next start
2026-06-11 18:00:21 +08:00: 
2026-06-11 18:00:22 +08:00: 
2026-06-11 18:00:22 +08:00: > newme-platform@0.1.0 start
2026-06-11 18:00:22 +08:00: > next start
2026-06-11 18:00:22 +08:00: 
2026-06-11 18:00:24 +08:00: 
2026-06-11 18:00:24 +08:00: > newme-platform@0.1.0 start
2026-06-11 18:00:24 +08:00: > next start
2026-06-11 18:00:24 +08:00: 
2026-06-11 18:00:26 +08:00: 
2026-06-11 18:00:26 +08:00: > newme-platform@0.1.0 start
2026-06-11 18:00:26 +08:00: > next start
2026-06-11 18:00:26 +08:00: 
2026-06-11 18:00:29 +08:00: 
2026-06-11 18:00:29 +08:00: > newme-platform@0.1.0 start
2026-06-11 18:00:29 +08:00: > next start
2026-06-11 18:00:29 +08:00: 
2026-06-11 19:00:25 +08:00: 
2026-06-11 19:00:25 +08:00: > newme-platform@0.1.0 start
2026-06-11 19:00:25 +08:00: > next start
2026-06-11 19:00:25 +08:00: 
2026-06-11 19:00:25 +08:00: 
2026-06-11 19:00:25 +08:00: > newme-platform@0.1.0 start
2026-06-11 19:00:25 +08:00: > next start
2026-06-11 19:00:25 +08:00: 
2026-06-11 19:00:26 +08:00: 
2026-06-11 19:00:26 +08:00: > newme-platform@0.1.0 start
2026-06-11 19:00:26 +08:00: > next start
2026-06-11 19:00:26 +08:00: 
2026-06-11 19:00:26 +08:00: 
2026-06-11 19:00:26 +08:00: > newme-platform@0.1.0 start
2026-06-11 19:00:26 +08:00: > next start
2026-06-11 19:00:26 +08:00: 
2026-06-11 19:00:27 +08:00: 
2026-06-11 19:00:27 +08:00: > newme-platform@0.1.0 start
2026-06-11 19:00:27 +08:00: > next start
2026-06-11 19:00:27 +08:00: 
2026-06-11 19:00:28 +08:00: 
2026-06-11 19:00:28 +08:00: > newme-platform@0.1.0 start
2026-06-11 19:00:28 +08:00: > next start
2026-06-11 19:00:28 +08:00: 
2026-06-11 19:00:29 +08:00: 
2026-06-11 19:00:29 +08:00: > newme-platform@0.1.0 start
2026-06-11 19:00:29 +08:00: > next start
2026-06-11 19:00:29 +08:00: 
2026-06-11 19:00:31 +08:00: 
2026-06-11 19:00:31 +08:00: > newme-platform@0.1.0 start
2026-06-11 19:00:31 +08:00: > next start
2026-06-11 19:00:31 +08:00: 
2026-06-11 19:00:33 +08:00: 
2026-06-11 19:00:33 +08:00: > newme-platform@0.1.0 start
2026-06-11 19:00:33 +08:00: > next start
2026-06-11 19:00:33 +08:00: 
2026-06-11 19:00:36 +08:00: 
2026-06-11 19:00:36 +08:00: > newme-platform@0.1.0 start
2026-06-11 19:00:36 +08:00: > next start
2026-06-11 19:00:36 +08:00: 
2026-06-11 20:00:32 +08:00: 
2026-06-11 20:00:32 +08:00: > newme-platform@0.1.0 start
2026-06-11 20:00:32 +08:00: > next start
2026-06-11 20:00:32 +08:00: 
2026-06-11 20:00:33 +08:00: 
2026-06-11 20:00:33 +08:00: > newme-platform@0.1.0 start
2026-06-11 20:00:33 +08:00: > next start
2026-06-11 20:00:33 +08:00: 
2026-06-11 20:00:33 +08:00: 
2026-06-11 20:00:33 +08:00: > newme-platform@0.1.0 start
2026-06-11 20:00:33 +08:00: > next start
2026-06-11 20:00:33 +08:00: 
2026-06-11 20:00:34 +08:00: 
2026-06-11 20:00:34 +08:00: > newme-platform@0.1.0 start
2026-06-11 20:00:34 +08:00: > next start
2026-06-11 20:00:34 +08:00: 
2026-06-11 20:00:35 +08:00: 
2026-06-11 20:00:35 +08:00: > newme-platform@0.1.0 start
2026-06-11 20:00:35 +08:00: > next start
2026-06-11 20:00:35 +08:00: 
2026-06-11 20:00:35 +08:00: 
2026-06-11 20:00:35 +08:00: > newme-platform@0.1.0 start
2026-06-11 20:00:35 +08:00: > next start
2026-06-11 20:00:35 +08:00: 
2026-06-11 20:00:37 +08:00: 
2026-06-11 20:00:37 +08:00: > newme-platform@0.1.0 start
2026-06-11 20:00:37 +08:00: > next start
2026-06-11 20:00:37 +08:00: 
2026-06-11 20:00:38 +08:00: 
2026-06-11 20:00:38 +08:00: > newme-platform@0.1.0 start
2026-06-11 20:00:38 +08:00: > next start
2026-06-11 20:00:38 +08:00: 
2026-06-11 20:00:40 +08:00: 
2026-06-11 20:00:40 +08:00: > newme-platform@0.1.0 start
2026-06-11 20:00:40 +08:00: > next start
2026-06-11 20:00:40 +08:00: 
2026-06-11 20:00:43 +08:00: 
2026-06-11 20:00:43 +08:00: > newme-platform@0.1.0 start
2026-06-11 20:00:43 +08:00: > next start
2026-06-11 20:00:43 +08:00: 
2026-06-11 21:00:39 +08:00: 
2026-06-11 21:00:39 +08:00: > newme-platform@0.1.0 start
2026-06-11 21:00:39 +08:00: > next start
2026-06-11 21:00:39 +08:00: 
2026-06-11 21:00:39 +08:00: 
2026-06-11 21:00:39 +08:00: > newme-platform@0.1.0 start
2026-06-11 21:00:39 +08:00: > next start
2026-06-11 21:00:39 +08:00: 
2026-06-11 21:00:40 +08:00: 
2026-06-11 21:00:40 +08:00: > newme-platform@0.1.0 start
2026-06-11 21:00:40 +08:00: > next start
2026-06-11 21:00:40 +08:00: 
2026-06-11 21:00:41 +08:00: 
2026-06-11 21:00:41 +08:00: > newme-platform@0.1.0 start
2026-06-11 21:00:41 +08:00: > next start
2026-06-11 21:00:41 +08:00: 
2026-06-11 21:00:41 +08:00: 
2026-06-11 21:00:41 +08:00: > newme-platform@0.1.0 start
2026-06-11 21:00:41 +08:00: > next start
2026-06-11 21:00:41 +08:00: 
2026-06-11 21:00:42 +08:00: 
2026-06-11 21:00:42 +08:00: > newme-platform@0.1.0 start
2026-06-11 21:00:42 +08:00: > next start
2026-06-11 21:00:42 +08:00: 
2026-06-11 21:00:43 +08:00: 
2026-06-11 21:00:43 +08:00: > newme-platform@0.1.0 start
2026-06-11 21:00:43 +08:00: > next start
2026-06-11 21:00:43 +08:00: 
2026-06-11 21:00:45 +08:00: 
2026-06-11 21:00:45 +08:00: > newme-platform@0.1.0 start
2026-06-11 21:00:45 +08:00: > next start
2026-06-11 21:00:45 +08:00: 
2026-06-11 21:00:47 +08:00: 
2026-06-11 21:00:47 +08:00: > newme-platform@0.1.0 start
2026-06-11 21:00:47 +08:00: > next start
2026-06-11 21:00:47 +08:00: 
2026-06-11 21:00:50 +08:00: 
2026-06-11 21:00:50 +08:00: > newme-platform@0.1.0 start
2026-06-11 21:00:50 +08:00: > next start
2026-06-11 21:00:50 +08:00: 
2026-06-11 22:00:46 +08:00: 
2026-06-11 22:00:46 +08:00: > newme-platform@0.1.0 start
2026-06-11 22:00:46 +08:00: > next start
2026-06-11 22:00:46 +08:00: 
2026-06-11 22:00:46 +08:00: 
2026-06-11 22:00:46 +08:00: > newme-platform@0.1.0 start
2026-06-11 22:00:46 +08:00: > next start
2026-06-11 22:00:46 +08:00: 
2026-06-11 22:00:47 +08:00: 
2026-06-11 22:00:47 +08:00: > newme-platform@0.1.0 start
2026-06-11 22:00:47 +08:00: > next start
2026-06-11 22:00:47 +08:00: 
2026-06-11 22:00:47 +08:00: 
2026-06-11 22:00:47 +08:00: > newme-platform@0.1.0 start
2026-06-11 22:00:47 +08:00: > next start
2026-06-11 22:00:47 +08:00: 
2026-06-11 22:00:48 +08:00: 
2026-06-11 22:00:48 +08:00: > newme-platform@0.1.0 start
2026-06-11 22:00:48 +08:00: > next start
2026-06-11 22:00:48 +08:00: 
2026-06-11 22:00:49 +08:00: 
2026-06-11 22:00:49 +08:00: > newme-platform@0.1.0 start
2026-06-11 22:00:49 +08:00: > next start
2026-06-11 22:00:49 +08:00: 
2026-06-11 22:00:50 +08:00: 
2026-06-11 22:00:50 +08:00: > newme-platform@0.1.0 start
2026-06-11 22:00:50 +08:00: > next start
2026-06-11 22:00:50 +08:00: 
2026-06-11 22:00:52 +08:00: 
2026-06-11 22:00:52 +08:00: > newme-platform@0.1.0 start
2026-06-11 22:00:52 +08:00: > next start
2026-06-11 22:00:52 +08:00: 
2026-06-11 22:00:54 +08:00: 
2026-06-11 22:00:54 +08:00: > newme-platform@0.1.0 start
2026-06-11 22:00:54 +08:00: > next start
2026-06-11 22:00:54 +08:00: 
2026-06-11 22:00:57 +08:00: 
2026-06-11 22:00:57 +08:00: > newme-platform@0.1.0 start
2026-06-11 22:00:57 +08:00: > next start
2026-06-11 22:00:57 +08:00: 
2026-06-11 23:00:53 +08:00: 
2026-06-11 23:00:53 +08:00: > newme-platform@0.1.0 start
2026-06-11 23:00:53 +08:00: > next start
2026-06-11 23:00:53 +08:00: 
2026-06-11 23:00:54 +08:00: 
2026-06-11 23:00:54 +08:00: > newme-platform@0.1.0 start
2026-06-11 23:00:54 +08:00: > next start
2026-06-11 23:00:54 +08:00: 
2026-06-11 23:00:54 +08:00: 
2026-06-11 23:00:54 +08:00: > newme-platform@0.1.0 start
2026-06-11 23:00:54 +08:00: > next start
2026-06-11 23:00:54 +08:00: 
2026-06-11 23:00:55 +08:00: 
2026-06-11 23:00:55 +08:00: > newme-platform@0.1.0 start
2026-06-11 23:00:55 +08:00: > next start
2026-06-11 23:00:55 +08:00: 
2026-06-11 23:00:56 +08:00: 
2026-06-11 23:00:56 +08:00: > newme-platform@0.1.0 start
2026-06-11 23:00:56 +08:00: > next start
2026-06-11 23:00:56 +08:00: 
2026-06-11 23:00:56 +08:00: 
2026-06-11 23:00:56 +08:00: > newme-platform@0.1.0 start
2026-06-11 23:00:56 +08:00: > next start
2026-06-11 23:00:56 +08:00: 
2026-06-11 23:00:58 +08:00: 
2026-06-11 23:00:58 +08:00: > newme-platform@0.1.0 start
2026-06-11 23:00:58 +08:00: > next start
2026-06-11 23:00:58 +08:00: 
2026-06-11 23:00:59 +08:00: 
2026-06-11 23:00:59 +08:00: > newme-platform@0.1.0 start
2026-06-11 23:00:59 +08:00: > next start
2026-06-11 23:00:59 +08:00: 
2026-06-11 23:01:01 +08:00: 
2026-06-11 23:01:01 +08:00: > newme-platform@0.1.0 start
2026-06-11 23:01:01 +08:00: > next start
2026-06-11 23:01:01 +08:00: 
2026-06-11 23:01:04 +08:00: 
2026-06-11 23:01:04 +08:00: > newme-platform@0.1.0 start
2026-06-11 23:01:04 +08:00: > next start
2026-06-11 23:01:04 +08:00: 
2026-06-12 00:01:00 +08:00: 
2026-06-12 00:01:00 +08:00: > newme-platform@0.1.0 start
2026-06-12 00:01:00 +08:00: > next start
2026-06-12 00:01:00 +08:00: 
2026-06-12 00:01:00 +08:00: 
2026-06-12 00:01:00 +08:00: > newme-platform@0.1.0 start
2026-06-12 00:01:00 +08:00: > next start
2026-06-12 00:01:00 +08:00: 
2026-06-12 00:01:01 +08:00: 
2026-06-12 00:01:01 +08:00: > newme-platform@0.1.0 start
2026-06-12 00:01:01 +08:00: > next start
2026-06-12 00:01:01 +08:00: 
2026-06-12 00:01:02 +08:00: 
2026-06-12 00:01:02 +08:00: > newme-platform@0.1.0 start
2026-06-12 00:01:02 +08:00: > next start
2026-06-12 00:01:02 +08:00: 
2026-06-12 00:01:02 +08:00: 
2026-06-12 00:01:02 +08:00: > newme-platform@0.1.0 start
2026-06-12 00:01:02 +08:00: > next start
2026-06-12 00:01:02 +08:00: 
2026-06-12 00:01:03 +08:00: 
2026-06-12 00:01:03 +08:00: > newme-platform@0.1.0 start
2026-06-12 00:01:03 +08:00: > next start
2026-06-12 00:01:03 +08:00: 
2026-06-12 00:01:05 +08:00: 
2026-06-12 00:01:05 +08:00: > newme-platform@0.1.0 start
2026-06-12 00:01:05 +08:00: > next start
2026-06-12 00:01:05 +08:00: 
2026-06-12 00:01:06 +08:00: 
2026-06-12 00:01:06 +08:00: > newme-platform@0.1.0 start
2026-06-12 00:01:06 +08:00: > next start
2026-06-12 00:01:06 +08:00: 
2026-06-12 00:01:09 +08:00: 
2026-06-12 00:01:09 +08:00: > newme-platform@0.1.0 start
2026-06-12 00:01:09 +08:00: > next start
2026-06-12 00:01:09 +08:00: 
2026-06-12 00:01:11 +08:00: 
2026-06-12 00:01:11 +08:00: > newme-platform@0.1.0 start
2026-06-12 00:01:11 +08:00: > next start
2026-06-12 00:01:11 +08:00: 
2026-06-12 01:00:07 +08:00: 
2026-06-12 01:00:07 +08:00: > newme-platform@0.1.0 start
2026-06-12 01:00:07 +08:00: > next start
2026-06-12 01:00:07 +08:00: 
2026-06-12 01:00:08 +08:00: 
2026-06-12 01:00:08 +08:00: > newme-platform@0.1.0 start
2026-06-12 01:00:08 +08:00: > next start
2026-06-12 01:00:08 +08:00: 
2026-06-12 01:00:08 +08:00: 
2026-06-12 01:00:08 +08:00: > newme-platform@0.1.0 start
2026-06-12 01:00:08 +08:00: > next start
2026-06-12 01:00:08 +08:00: 
2026-06-12 01:00:09 +08:00: 
2026-06-12 01:00:09 +08:00: > newme-platform@0.1.0 start
2026-06-12 01:00:09 +08:00: > next start
2026-06-12 01:00:09 +08:00: 
2026-06-12 01:00:10 +08:00: 
2026-06-12 01:00:10 +08:00: > newme-platform@0.1.0 start
2026-06-12 01:00:10 +08:00: > next start
2026-06-12 01:00:10 +08:00: 
2026-06-12 01:00:10 +08:00: 
2026-06-12 01:00:10 +08:00: > newme-platform@0.1.0 start
2026-06-12 01:00:10 +08:00: > next start
2026-06-12 01:00:10 +08:00: 
2026-06-12 01:00:12 +08:00: 
2026-06-12 01:00:12 +08:00: > newme-platform@0.1.0 start
2026-06-12 01:00:12 +08:00: > next start
2026-06-12 01:00:12 +08:00: 
2026-06-12 01:00:13 +08:00: 
2026-06-12 01:00:13 +08:00: > newme-platform@0.1.0 start
2026-06-12 01:00:13 +08:00: > next start
2026-06-12 01:00:13 +08:00: 
2026-06-12 01:00:15 +08:00: 
2026-06-12 01:00:15 +08:00: > newme-platform@0.1.0 start
2026-06-12 01:00:15 +08:00: > next start
2026-06-12 01:00:15 +08:00: 
2026-06-12 01:00:18 +08:00: 
2026-06-12 01:00:18 +08:00: > newme-platform@0.1.0 start
2026-06-12 01:00:18 +08:00: > next start
2026-06-12 01:00:18 +08:00: 
2026-06-12 02:01:45 +08:00: 
2026-06-12 02:01:45 +08:00: > newme-platform@0.1.0 start
2026-06-12 02:01:45 +08:00: > next start
2026-06-12 02:01:45 +08:00: 
2026-06-12 02:01:45 +08:00: 
2026-06-12 02:01:45 +08:00: > newme-platform@0.1.0 start
2026-06-12 02:01:45 +08:00: > next start
2026-06-12 02:01:45 +08:00: 
2026-06-12 02:01:46 +08:00: 
2026-06-12 02:01:46 +08:00: > newme-platform@0.1.0 start
2026-06-12 02:01:46 +08:00: > next start
2026-06-12 02:01:46 +08:00: 
2026-06-12 02:01:46 +08:00: 
2026-06-12 02:01:46 +08:00: > newme-platform@0.1.0 start
2026-06-12 02:01:46 +08:00: > next start
2026-06-12 02:01:46 +08:00: 
2026-06-12 02:01:47 +08:00: 
2026-06-12 02:01:47 +08:00: > newme-platform@0.1.0 start
2026-06-12 02:01:47 +08:00: > next start
2026-06-12 02:01:47 +08:00: 
2026-06-12 02:01:48 +08:00: 
2026-06-12 02:01:48 +08:00: > newme-platform@0.1.0 start
2026-06-12 02:01:48 +08:00: > next start
2026-06-12 02:01:48 +08:00: 
2026-06-12 02:01:49 +08:00: 
2026-06-12 02:01:49 +08:00: > newme-platform@0.1.0 start
2026-06-12 02:01:49 +08:00: > next start
2026-06-12 02:01:49 +08:00: 
2026-06-12 02:01:50 +08:00: 
2026-06-12 02:01:50 +08:00: > newme-platform@0.1.0 start
2026-06-12 02:01:50 +08:00: > next start
2026-06-12 02:01:50 +08:00: 
2026-06-12 02:01:53 +08:00: 
2026-06-12 02:01:53 +08:00: > newme-platform@0.1.0 start
2026-06-12 02:01:53 +08:00: > next start
2026-06-12 02:01:53 +08:00: 
2026-06-12 02:01:56 +08:00: 
2026-06-12 02:01:56 +08:00: > newme-platform@0.1.0 start
2026-06-12 02:01:56 +08:00: > next start
2026-06-12 02:01:56 +08:00: 
2026-06-12 03:00:51 +08:00: 
2026-06-12 03:00:51 +08:00: > newme-platform@0.1.0 start
2026-06-12 03:00:51 +08:00: > next start
2026-06-12 03:00:51 +08:00: 
2026-06-12 03:00:52 +08:00: 
2026-06-12 03:00:52 +08:00: > newme-platform@0.1.0 start
2026-06-12 03:00:52 +08:00: > next start
2026-06-12 03:00:52 +08:00: 
2026-06-12 03:00:52 +08:00: 
2026-06-12 03:00:52 +08:00: > newme-platform@0.1.0 start
2026-06-12 03:00:52 +08:00: > next start
2026-06-12 03:00:52 +08:00: 
2026-06-12 03:00:53 +08:00: 
2026-06-12 03:00:53 +08:00: > newme-platform@0.1.0 start
2026-06-12 03:00:53 +08:00: > next start
2026-06-12 03:00:53 +08:00: 
2026-06-12 03:00:54 +08:00: 
2026-06-12 03:00:54 +08:00: > newme-platform@0.1.0 start
2026-06-12 03:00:54 +08:00: > next start
2026-06-12 03:00:54 +08:00: 
2026-06-12 03:00:54 +08:00: 
2026-06-12 03:00:54 +08:00: > newme-platform@0.1.0 start
2026-06-12 03:00:54 +08:00: > next start
2026-06-12 03:00:54 +08:00: 
2026-06-12 03:00:56 +08:00: 
2026-06-12 03:00:56 +08:00: > newme-platform@0.1.0 start
2026-06-12 03:00:56 +08:00: > next start
2026-06-12 03:00:56 +08:00: 
2026-06-12 03:00:57 +08:00: 
2026-06-12 03:00:57 +08:00: > newme-platform@0.1.0 start
2026-06-12 03:00:57 +08:00: > next start
2026-06-12 03:00:57 +08:00: 
2026-06-12 03:00:59 +08:00: 
2026-06-12 03:00:59 +08:00: > newme-platform@0.1.0 start
2026-06-12 03:00:59 +08:00: > next start
2026-06-12 03:00:59 +08:00: 
2026-06-12 03:01:02 +08:00: 
2026-06-12 03:01:02 +08:00: > newme-platform@0.1.0 start
2026-06-12 03:01:02 +08:00: > next start
2026-06-12 03:01:02 +08:00: 
2026-06-12 04:00:00 +08:00: 
2026-06-12 04:00:00 +08:00: > newme-platform@0.1.0 start
2026-06-12 04:00:00 +08:00: > next start
2026-06-12 04:00:00 +08:00: 
2026-06-12 04:00:00 +08:00: 
2026-06-12 04:00:00 +08:00: > newme-platform@0.1.0 start
2026-06-12 04:00:00 +08:00: > next start
2026-06-12 04:00:00 +08:00: 
2026-06-12 04:00:01 +08:00: 
2026-06-12 04:00:01 +08:00: > newme-platform@0.1.0 start
2026-06-12 04:00:01 +08:00: > next start
2026-06-12 04:00:01 +08:00: 
2026-06-12 04:00:01 +08:00: 
2026-06-12 04:00:01 +08:00: > newme-platform@0.1.0 start
2026-06-12 04:00:01 +08:00: > next start
2026-06-12 04:00:01 +08:00: 
2026-06-12 04:00:02 +08:00: 
2026-06-12 04:00:02 +08:00: > newme-platform@0.1.0 start
2026-06-12 04:00:02 +08:00: > next start
2026-06-12 04:00:02 +08:00: 
2026-06-12 04:00:03 +08:00: 
2026-06-12 04:00:03 +08:00: > newme-platform@0.1.0 start
2026-06-12 04:00:03 +08:00: > next start
2026-06-12 04:00:03 +08:00: 
2026-06-12 04:00:04 +08:00: 
2026-06-12 04:00:04 +08:00: > newme-platform@0.1.0 start
2026-06-12 04:00:04 +08:00: > next start
2026-06-12 04:00:04 +08:00: 
2026-06-12 04:00:06 +08:00: 
2026-06-12 04:00:06 +08:00: > newme-platform@0.1.0 start
2026-06-12 04:00:06 +08:00: > next start
2026-06-12 04:00:06 +08:00: 
2026-06-12 04:00:08 +08:00: 
2026-06-12 04:00:08 +08:00: > newme-platform@0.1.0 start
2026-06-12 04:00:08 +08:00: > next start
2026-06-12 04:00:08 +08:00: 
2026-06-12 04:00:11 +08:00: 
2026-06-12 04:00:11 +08:00: > newme-platform@0.1.0 start
2026-06-12 04:00:11 +08:00: > next start
2026-06-12 04:00:11 +08:00: 
2026-06-12 04:00:14 +08:00: 
2026-06-12 04:00:14 +08:00: > newme-platform@0.1.0 start
2026-06-12 04:00:14 +08:00: > next start
2026-06-12 04:00:14 +08:00: 
2026-06-12 04:00:14 +08:00: 
2026-06-12 04:00:14 +08:00: > newme-platform@0.1.0 start
2026-06-12 04:00:14 +08:00: > next start
2026-06-12 04:00:14 +08:00: 
2026-06-12 04:00:15 +08:00: 
2026-06-12 04:00:15 +08:00: > newme-platform@0.1.0 start
2026-06-12 04:00:15 +08:00: > next start
2026-06-12 04:00:15 +08:00: 
2026-06-12 04:00:16 +08:00: 
2026-06-12 04:00:16 +08:00: > newme-platform@0.1.0 start
2026-06-12 04:00:16 +08:00: > next start
2026-06-12 04:00:16 +08:00: 
2026-06-12 04:00:16 +08:00: 
2026-06-12 04:00:16 +08:00: > newme-platform@0.1.0 start
2026-06-12 04:00:16 +08:00: > next start
2026-06-12 04:00:16 +08:00: 
2026-06-12 04:00:17 +08:00: 
2026-06-12 04:00:17 +08:00: > newme-platform@0.1.0 start
2026-06-12 04:00:17 +08:00: > next start
2026-06-12 04:00:17 +08:00: 
2026-06-12 04:00:19 +08:00: 
2026-06-12 04:00:19 +08:00: > newme-platform@0.1.0 start
2026-06-12 04:00:19 +08:00: > next start
2026-06-12 04:00:19 +08:00: 
2026-06-12 04:00:20 +08:00: 
2026-06-12 04:00:20 +08:00: > newme-platform@0.1.0 start
2026-06-12 04:00:20 +08:00: > next start
2026-06-12 04:00:20 +08:00: 
2026-06-12 04:00:22 +08:00: 
2026-06-12 04:00:22 +08:00: > newme-platform@0.1.0 start
2026-06-12 04:00:22 +08:00: > next start
2026-06-12 04:00:22 +08:00: 
2026-06-12 04:00:25 +08:00: 
2026-06-12 04:00:25 +08:00: > newme-platform@0.1.0 start
2026-06-12 04:00:25 +08:00: > next start
2026-06-12 04:00:25 +08:00: 
2026-06-12 05:00:44 +08:00: 
2026-06-12 05:00:44 +08:00: > newme-platform@0.1.0 start
2026-06-12 05:00:44 +08:00: > next start
2026-06-12 05:00:44 +08:00: 
2026-06-12 05:00:44 +08:00: 
2026-06-12 05:00:44 +08:00: > newme-platform@0.1.0 start
2026-06-12 05:00:44 +08:00: > next start
2026-06-12 05:00:44 +08:00: 
2026-06-12 05:00:45 +08:00: 
2026-06-12 05:00:45 +08:00: > newme-platform@0.1.0 start
2026-06-12 05:00:45 +08:00: > next start
2026-06-12 05:00:45 +08:00: 
2026-06-12 05:00:45 +08:00: 
2026-06-12 05:00:45 +08:00: > newme-platform@0.1.0 start
2026-06-12 05:00:45 +08:00: > next start
2026-06-12 05:00:45 +08:00: 
2026-06-12 05:00:46 +08:00: 
2026-06-12 05:00:46 +08:00: > newme-platform@0.1.0 start
2026-06-12 05:00:46 +08:00: > next start
2026-06-12 05:00:46 +08:00: 
2026-06-12 05:00:47 +08:00: 
2026-06-12 05:00:47 +08:00: > newme-platform@0.1.0 start
2026-06-12 05:00:47 +08:00: > next start
2026-06-12 05:00:47 +08:00: 
2026-06-12 05:00:48 +08:00: 
2026-06-12 05:00:48 +08:00: > newme-platform@0.1.0 start
2026-06-12 05:00:48 +08:00: > next start
2026-06-12 05:00:48 +08:00: 
2026-06-12 05:00:50 +08:00: 
2026-06-12 05:00:50 +08:00: > newme-platform@0.1.0 start
2026-06-12 05:00:50 +08:00: > next start
2026-06-12 05:00:50 +08:00: 
2026-06-12 05:00:52 +08:00: 
2026-06-12 05:00:52 +08:00: > newme-platform@0.1.0 start
2026-06-12 05:00:52 +08:00: > next start
2026-06-12 05:00:52 +08:00: 
2026-06-12 05:00:55 +08:00: 
2026-06-12 05:00:55 +08:00: > newme-platform@0.1.0 start
2026-06-12 05:00:55 +08:00: > next start
2026-06-12 05:00:55 +08:00: 
2026-06-12 06:00:51 +08:00: 
2026-06-12 06:00:51 +08:00: > newme-platform@0.1.0 start
2026-06-12 06:00:51 +08:00: > next start
2026-06-12 06:00:51 +08:00: 
2026-06-12 06:00:51 +08:00: 
2026-06-12 06:00:51 +08:00: > newme-platform@0.1.0 start
2026-06-12 06:00:51 +08:00: > next start
2026-06-12 06:00:51 +08:00: 
2026-06-12 06:00:52 +08:00: 
2026-06-12 06:00:52 +08:00: > newme-platform@0.1.0 start
2026-06-12 06:00:52 +08:00: > next start
2026-06-12 06:00:52 +08:00: 
2026-06-12 06:00:53 +08:00: 
2026-06-12 06:00:53 +08:00: > newme-platform@0.1.0 start
2026-06-12 06:00:53 +08:00: > next start
2026-06-12 06:00:53 +08:00: 
2026-06-12 06:00:53 +08:00: 
2026-06-12 06:00:53 +08:00: > newme-platform@0.1.0 start
2026-06-12 06:00:53 +08:00: > next start
2026-06-12 06:00:53 +08:00: 
2026-06-12 06:00:54 +08:00: 
2026-06-12 06:00:54 +08:00: > newme-platform@0.1.0 start
2026-06-12 06:00:54 +08:00: > next start
2026-06-12 06:00:54 +08:00: 
2026-06-12 06:00:55 +08:00: 
2026-06-12 06:00:55 +08:00: > newme-platform@0.1.0 start
2026-06-12 06:00:55 +08:00: > next start
2026-06-12 06:00:55 +08:00: 
2026-06-12 06:00:57 +08:00: 
2026-06-12 06:00:57 +08:00: > newme-platform@0.1.0 start
2026-06-12 06:00:57 +08:00: > next start
2026-06-12 06:00:57 +08:00: 
2026-06-12 06:00:59 +08:00: 
2026-06-12 06:00:59 +08:00: > newme-platform@0.1.0 start
2026-06-12 06:00:59 +08:00: > next start
2026-06-12 06:00:59 +08:00: 
2026-06-12 06:01:02 +08:00: 
2026-06-12 06:01:02 +08:00: > newme-platform@0.1.0 start
2026-06-12 06:01:02 +08:00: > next start
2026-06-12 06:01:02 +08:00: 
2026-06-12 07:00:58 +08:00: 
2026-06-12 07:00:58 +08:00: > newme-platform@0.1.0 start
2026-06-12 07:00:58 +08:00: > next start
2026-06-12 07:00:58 +08:00: 
2026-06-12 07:00:58 +08:00: 
2026-06-12 07:00:58 +08:00: > newme-platform@0.1.0 start
2026-06-12 07:00:58 +08:00: > next start
2026-06-12 07:00:58 +08:00: 
2026-06-12 07:00:59 +08:00: 
2026-06-12 07:00:59 +08:00: > newme-platform@0.1.0 start
2026-06-12 07:00:59 +08:00: > next start
2026-06-12 07:00:59 +08:00: 
2026-06-12 07:00:59 +08:00: 
2026-06-12 07:00:59 +08:00: > newme-platform@0.1.0 start
2026-06-12 07:00:59 +08:00: > next start
2026-06-12 07:00:59 +08:00: 
2026-06-12 07:01:00 +08:00: 
2026-06-12 07:01:00 +08:00: > newme-platform@0.1.0 start
2026-06-12 07:01:00 +08:00: > next start
2026-06-12 07:01:00 +08:00: 
2026-06-12 07:01:01 +08:00: 
2026-06-12 07:01:01 +08:00: > newme-platform@0.1.0 start
2026-06-12 07:01:01 +08:00: > next start
2026-06-12 07:01:01 +08:00: 
2026-06-12 07:01:02 +08:00: 
2026-06-12 07:01:02 +08:00: > newme-platform@0.1.0 start
2026-06-12 07:01:02 +08:00: > next start
2026-06-12 07:01:02 +08:00: 
2026-06-12 07:01:03 +08:00: 
2026-06-12 07:01:03 +08:00: > newme-platform@0.1.0 start
2026-06-12 07:01:03 +08:00: > next start
2026-06-12 07:01:03 +08:00: 
2026-06-12 07:01:06 +08:00: 
2026-06-12 07:01:06 +08:00: > newme-platform@0.1.0 start
2026-06-12 07:01:06 +08:00: > next start
2026-06-12 07:01:06 +08:00: 
2026-06-12 07:01:09 +08:00: 
2026-06-12 07:01:09 +08:00: > newme-platform@0.1.0 start
2026-06-12 07:01:09 +08:00: > next start
2026-06-12 07:01:09 +08:00: 
2026-06-12 08:00:04 +08:00: 
2026-06-12 08:00:04 +08:00: > newme-platform@0.1.0 start
2026-06-12 08:00:04 +08:00: > next start
2026-06-12 08:00:04 +08:00: 
2026-06-12 08:00:05 +08:00: 
2026-06-12 08:00:05 +08:00: > newme-platform@0.1.0 start
2026-06-12 08:00:05 +08:00: > next start
2026-06-12 08:00:05 +08:00: 
2026-06-12 08:00:05 +08:00: 
2026-06-12 08:00:05 +08:00: > newme-platform@0.1.0 start
2026-06-12 08:00:05 +08:00: > next start
2026-06-12 08:00:05 +08:00: 
2026-06-12 08:00:06 +08:00: 
2026-06-12 08:00:06 +08:00: > newme-platform@0.1.0 start
2026-06-12 08:00:06 +08:00: > next start
2026-06-12 08:00:06 +08:00: 
2026-06-12 08:00:07 +08:00: 
2026-06-12 08:00:07 +08:00: > newme-platform@0.1.0 start
2026-06-12 08:00:07 +08:00: > next start
2026-06-12 08:00:07 +08:00: 
2026-06-12 08:00:08 +08:00: 
2026-06-12 08:00:08 +08:00: > newme-platform@0.1.0 start
2026-06-12 08:00:08 +08:00: > next start
2026-06-12 08:00:08 +08:00: 
2026-06-12 08:00:09 +08:00: 
2026-06-12 08:00:09 +08:00: > newme-platform@0.1.0 start
2026-06-12 08:00:09 +08:00: > next start
2026-06-12 08:00:09 +08:00: 
2026-06-12 08:00:10 +08:00: 
2026-06-12 08:00:10 +08:00: > newme-platform@0.1.0 start
2026-06-12 08:00:10 +08:00: > next start
2026-06-12 08:00:10 +08:00: 
2026-06-12 08:00:12 +08:00: 
2026-06-12 08:00:12 +08:00: > newme-platform@0.1.0 start
2026-06-12 08:00:12 +08:00: > next start
2026-06-12 08:00:12 +08:00: 
2026-06-12 08:00:15 +08:00: 
2026-06-12 08:00:15 +08:00: > newme-platform@0.1.0 start
2026-06-12 08:00:15 +08:00: > next start
2026-06-12 08:00:15 +08:00: 
2026-06-12 09:00:40 +08:00: 
2026-06-12 09:00:40 +08:00: > newme-platform@0.1.0 start
2026-06-12 09:00:40 +08:00: > next start
2026-06-12 09:00:40 +08:00: 
2026-06-12 09:00:41 +08:00: 
2026-06-12 09:00:41 +08:00: > newme-platform@0.1.0 start
2026-06-12 09:00:41 +08:00: > next start
2026-06-12 09:00:41 +08:00: 
2026-06-12 09:00:41 +08:00: 
2026-06-12 09:00:41 +08:00: > newme-platform@0.1.0 start
2026-06-12 09:00:41 +08:00: > next start
2026-06-12 09:00:41 +08:00: 
2026-06-12 09:00:42 +08:00: 
2026-06-12 09:00:42 +08:00: > newme-platform@0.1.0 start
2026-06-12 09:00:42 +08:00: > next start
2026-06-12 09:00:42 +08:00: 
2026-06-12 09:00:43 +08:00: 
2026-06-12 09:00:43 +08:00: > newme-platform@0.1.0 start
2026-06-12 09:00:43 +08:00: > next start
2026-06-12 09:00:43 +08:00: 
2026-06-12 09:00:43 +08:00: 
2026-06-12 09:00:43 +08:00: > newme-platform@0.1.0 start
2026-06-12 09:00:43 +08:00: > next start
2026-06-12 09:00:43 +08:00: 
2026-06-12 09:00:45 +08:00: 
2026-06-12 09:00:45 +08:00: > newme-platform@0.1.0 start
2026-06-12 09:00:45 +08:00: > next start
2026-06-12 09:00:45 +08:00: 
2026-06-12 09:00:46 +08:00: 
2026-06-12 09:00:46 +08:00: > newme-platform@0.1.0 start
2026-06-12 09:00:46 +08:00: > next start
2026-06-12 09:00:46 +08:00: 
2026-06-12 09:00:48 +08:00: 
2026-06-12 09:00:48 +08:00: > newme-platform@0.1.0 start
2026-06-12 09:00:48 +08:00: > next start
2026-06-12 09:00:48 +08:00: 
2026-06-12 09:00:51 +08:00: 
2026-06-12 09:00:51 +08:00: > newme-platform@0.1.0 start
2026-06-12 09:00:51 +08:00: > next start
2026-06-12 09:00:51 +08:00: 
2026-06-12 10:00:47 +08:00: 
2026-06-12 10:00:47 +08:00: > newme-platform@0.1.0 start
2026-06-12 10:00:47 +08:00: > next start
2026-06-12 10:00:47 +08:00: 
2026-06-12 10:00:47 +08:00: 
2026-06-12 10:00:47 +08:00: > newme-platform@0.1.0 start
2026-06-12 10:00:47 +08:00: > next start
2026-06-12 10:00:47 +08:00: 
2026-06-12 10:00:48 +08:00: 
2026-06-12 10:00:48 +08:00: > newme-platform@0.1.0 start
2026-06-12 10:00:48 +08:00: > next start
2026-06-12 10:00:48 +08:00: 
2026-06-12 10:00:48 +08:00: 
2026-06-12 10:00:48 +08:00: > newme-platform@0.1.0 start
2026-06-12 10:00:48 +08:00: > next start
2026-06-12 10:00:48 +08:00: 
2026-06-12 10:00:49 +08:00: 
2026-06-12 10:00:49 +08:00: > newme-platform@0.1.0 start
2026-06-12 10:00:49 +08:00: > next start
2026-06-12 10:00:49 +08:00: 
2026-06-12 10:00:50 +08:00: 
2026-06-12 10:00:50 +08:00: > newme-platform@0.1.0 start
2026-06-12 10:00:50 +08:00: > next start
2026-06-12 10:00:50 +08:00: 
2026-06-12 10:00:51 +08:00: 
2026-06-12 10:00:51 +08:00: > newme-platform@0.1.0 start
2026-06-12 10:00:51 +08:00: > next start
2026-06-12 10:00:51 +08:00: 
2026-06-12 10:00:53 +08:00: 
2026-06-12 10:00:53 +08:00: > newme-platform@0.1.0 start
2026-06-12 10:00:53 +08:00: > next start
2026-06-12 10:00:53 +08:00: 
2026-06-12 10:00:55 +08:00: 
2026-06-12 10:00:55 +08:00: > newme-platform@0.1.0 start
2026-06-12 10:00:55 +08:00: > next start
2026-06-12 10:00:55 +08:00: 
2026-06-12 10:00:58 +08:00: 
2026-06-12 10:00:58 +08:00: > newme-platform@0.1.0 start
2026-06-12 10:00:58 +08:00: > next start
2026-06-12 10:00:58 +08:00: 
2026-06-12 11:00:36 +08:00: 
2026-06-12 11:00:36 +08:00: > newme-platform@0.1.0 start
2026-06-12 11:00:36 +08:00: > next start
2026-06-12 11:00:36 +08:00: 
2026-06-12 11:00:36 +08:00: 
2026-06-12 11:00:36 +08:00: > newme-platform@0.1.0 start
2026-06-12 11:00:36 +08:00: > next start
2026-06-12 11:00:36 +08:00: 
2026-06-12 11:00:37 +08:00: 
2026-06-12 11:00:37 +08:00: > newme-platform@0.1.0 start
2026-06-12 11:00:37 +08:00: > next start
2026-06-12 11:00:37 +08:00: 
2026-06-12 11:00:38 +08:00: 
2026-06-12 11:00:38 +08:00: > newme-platform@0.1.0 start
2026-06-12 11:00:38 +08:00: > next start
2026-06-12 11:00:38 +08:00: 
2026-06-12 11:00:38 +08:00: 
2026-06-12 11:00:38 +08:00: > newme-platform@0.1.0 start
2026-06-12 11:00:38 +08:00: > next start
2026-06-12 11:00:38 +08:00: 
2026-06-12 11:00:39 +08:00: 
2026-06-12 11:00:39 +08:00: > newme-platform@0.1.0 start
2026-06-12 11:00:39 +08:00: > next start
2026-06-12 11:00:39 +08:00: 
2026-06-12 11:00:40 +08:00: 
2026-06-12 11:00:40 +08:00: > newme-platform@0.1.0 start
2026-06-12 11:00:40 +08:00: > next start
2026-06-12 11:00:40 +08:00: 
2026-06-12 11:00:42 +08:00: 
2026-06-12 11:00:42 +08:00: > newme-platform@0.1.0 start
2026-06-12 11:00:42 +08:00: > next start
2026-06-12 11:00:42 +08:00: 
2026-06-12 11:00:44 +08:00: 
2026-06-12 11:00:44 +08:00: > newme-platform@0.1.0 start
2026-06-12 11:00:44 +08:00: > next start
2026-06-12 11:00:44 +08:00: 
2026-06-12 11:00:47 +08:00: 
2026-06-12 11:00:47 +08:00: > newme-platform@0.1.0 start
2026-06-12 11:00:47 +08:00: > next start
2026-06-12 11:00:47 +08:00: 
2026-06-12 12:00:43 +08:00: 
2026-06-12 12:00:43 +08:00: > newme-platform@0.1.0 start
2026-06-12 12:00:43 +08:00: > next start
2026-06-12 12:00:43 +08:00: 
2026-06-12 12:00:43 +08:00: 
2026-06-12 12:00:43 +08:00: > newme-platform@0.1.0 start
2026-06-12 12:00:43 +08:00: > next start
2026-06-12 12:00:43 +08:00: 
2026-06-12 12:00:44 +08:00: 
2026-06-12 12:00:44 +08:00: > newme-platform@0.1.0 start
2026-06-12 12:00:44 +08:00: > next start
2026-06-12 12:00:44 +08:00: 
2026-06-12 12:00:44 +08:00: 
2026-06-12 12:00:44 +08:00: > newme-platform@0.1.0 start
2026-06-12 12:00:44 +08:00: > next start
2026-06-12 12:00:44 +08:00: 
2026-06-12 12:00:45 +08:00: 
2026-06-12 12:00:45 +08:00: > newme-platform@0.1.0 start
2026-06-12 12:00:45 +08:00: > next start
2026-06-12 12:00:45 +08:00: 
2026-06-12 12:00:46 +08:00: 
2026-06-12 12:00:46 +08:00: > newme-platform@0.1.0 start
2026-06-12 12:00:46 +08:00: > next start
2026-06-12 12:00:46 +08:00: 
2026-06-12 12:00:47 +08:00: 
2026-06-12 12:00:47 +08:00: > newme-platform@0.1.0 start
2026-06-12 12:00:47 +08:00: > next start
2026-06-12 12:00:47 +08:00: 
2026-06-12 12:00:48 +08:00: 
2026-06-12 12:00:48 +08:00: > newme-platform@0.1.0 start
2026-06-12 12:00:48 +08:00: > next start
2026-06-12 12:00:48 +08:00: 
2026-06-12 12:00:51 +08:00: 
2026-06-12 12:00:51 +08:00: > newme-platform@0.1.0 start
2026-06-12 12:00:51 +08:00: > next start
2026-06-12 12:00:51 +08:00: 
2026-06-12 12:00:53 +08:00: 
2026-06-12 12:00:53 +08:00: > newme-platform@0.1.0 start
2026-06-12 12:00:53 +08:00: > next start
2026-06-12 12:00:53 +08:00: 
2026-06-12 13:00:49 +08:00: 
2026-06-12 13:00:49 +08:00: > newme-platform@0.1.0 start
2026-06-12 13:00:49 +08:00: > next start
2026-06-12 13:00:49 +08:00: 
2026-06-12 13:00:50 +08:00: 
2026-06-12 13:00:50 +08:00: > newme-platform@0.1.0 start
2026-06-12 13:00:50 +08:00: > next start
2026-06-12 13:00:50 +08:00: 
2026-06-12 13:00:50 +08:00: 
2026-06-12 13:00:50 +08:00: > newme-platform@0.1.0 start
2026-06-12 13:00:50 +08:00: > next start
2026-06-12 13:00:50 +08:00: 
2026-06-12 13:00:51 +08:00: 
2026-06-12 13:00:51 +08:00: > newme-platform@0.1.0 start
2026-06-12 13:00:51 +08:00: > next start
2026-06-12 13:00:51 +08:00: 
2026-06-12 13:00:52 +08:00: 
2026-06-12 13:00:52 +08:00: > newme-platform@0.1.0 start
2026-06-12 13:00:52 +08:00: > next start
2026-06-12 13:00:52 +08:00: 
2026-06-12 13:00:53 +08:00: 
2026-06-12 13:00:53 +08:00: > newme-platform@0.1.0 start
2026-06-12 13:00:53 +08:00: > next start
2026-06-12 13:00:53 +08:00: 
2026-06-12 13:00:54 +08:00: 
2026-06-12 13:00:54 +08:00: > newme-platform@0.1.0 start
2026-06-12 13:00:54 +08:00: > next start
2026-06-12 13:00:54 +08:00: 
2026-06-12 13:00:56 +08:00: 
2026-06-12 13:00:56 +08:00: > newme-platform@0.1.0 start
2026-06-12 13:00:56 +08:00: > next start
2026-06-12 13:00:56 +08:00: 
2026-06-12 13:00:58 +08:00: 
2026-06-12 13:00:58 +08:00: > newme-platform@0.1.0 start
2026-06-12 13:00:58 +08:00: > next start
2026-06-12 13:00:58 +08:00: 
2026-06-12 13:01:01 +08:00: 
2026-06-12 13:01:01 +08:00: > newme-platform@0.1.0 start
2026-06-12 13:01:01 +08:00: > next start
2026-06-12 13:01:01 +08:00: 
2026-06-12 14:00:17 +08:00: 
2026-06-12 14:00:17 +08:00: > newme-platform@0.1.0 start
2026-06-12 14:00:17 +08:00: > next start
2026-06-12 14:00:17 +08:00: 
2026-06-12 14:00:17 +08:00: 
2026-06-12 14:00:17 +08:00: > newme-platform@0.1.0 start
2026-06-12 14:00:17 +08:00: > next start
2026-06-12 14:00:17 +08:00: 
2026-06-12 14:00:18 +08:00: 
2026-06-12 14:00:18 +08:00: > newme-platform@0.1.0 start
2026-06-12 14:00:18 +08:00: > next start
2026-06-12 14:00:18 +08:00: 
2026-06-12 14:00:18 +08:00: 
2026-06-12 14:00:18 +08:00: > newme-platform@0.1.0 start
2026-06-12 14:00:18 +08:00: > next start
2026-06-12 14:00:18 +08:00: 
2026-06-12 14:00:19 +08:00: 
2026-06-12 14:00:19 +08:00: > newme-platform@0.1.0 start
2026-06-12 14:00:19 +08:00: > next start
2026-06-12 14:00:19 +08:00: 
2026-06-12 14:00:20 +08:00: 
2026-06-12 14:00:20 +08:00: > newme-platform@0.1.0 start
2026-06-12 14:00:20 +08:00: > next start
2026-06-12 14:00:20 +08:00: 
2026-06-12 14:00:21 +08:00: 
2026-06-12 14:00:21 +08:00: > newme-platform@0.1.0 start
2026-06-12 14:00:21 +08:00: > next start
2026-06-12 14:00:21 +08:00: 
2026-06-12 14:00:23 +08:00: 
2026-06-12 14:00:23 +08:00: > newme-platform@0.1.0 start
2026-06-12 14:00:23 +08:00: > next start
2026-06-12 14:00:23 +08:00: 
2026-06-12 14:00:25 +08:00: 
2026-06-12 14:00:25 +08:00: > newme-platform@0.1.0 start
2026-06-12 14:00:25 +08:00: > next start
2026-06-12 14:00:25 +08:00: 
2026-06-12 14:00:28 +08:00: 
2026-06-12 14:00:28 +08:00: > newme-platform@0.1.0 start
2026-06-12 14:00:28 +08:00: > next start
2026-06-12 14:00:28 +08:00: 
2026-06-12 15:00:23 +08:00: 
2026-06-12 15:00:23 +08:00: > newme-platform@0.1.0 start
2026-06-12 15:00:23 +08:00: > next start
2026-06-12 15:00:23 +08:00: 
2026-06-12 15:00:24 +08:00: 
2026-06-12 15:00:24 +08:00: > newme-platform@0.1.0 start
2026-06-12 15:00:24 +08:00: > next start
2026-06-12 15:00:24 +08:00: 
2026-06-12 15:00:24 +08:00: 
2026-06-12 15:00:24 +08:00: > newme-platform@0.1.0 start
2026-06-12 15:00:24 +08:00: > next start
2026-06-12 15:00:24 +08:00: 
2026-06-12 15:00:25 +08:00: 
2026-06-12 15:00:25 +08:00: > newme-platform@0.1.0 start
2026-06-12 15:00:25 +08:00: > next start
2026-06-12 15:00:25 +08:00: 
2026-06-12 15:00:25 +08:00: 
2026-06-12 15:00:25 +08:00: > newme-platform@0.1.0 start
2026-06-12 15:00:25 +08:00: > next start
2026-06-12 15:00:25 +08:00: 
2026-06-12 15:00:26 +08:00: 
2026-06-12 15:00:26 +08:00: > newme-platform@0.1.0 start
2026-06-12 15:00:26 +08:00: > next start
2026-06-12 15:00:26 +08:00: 
2026-06-12 15:00:27 +08:00: 
2026-06-12 15:00:27 +08:00: > newme-platform@0.1.0 start
2026-06-12 15:00:27 +08:00: > next start
2026-06-12 15:00:27 +08:00: 
2026-06-12 15:00:29 +08:00: 
2026-06-12 15:00:29 +08:00: > newme-platform@0.1.0 start
2026-06-12 15:00:29 +08:00: > next start
2026-06-12 15:00:29 +08:00: 
2026-06-12 15:00:31 +08:00: 
2026-06-12 15:00:31 +08:00: > newme-platform@0.1.0 start
2026-06-12 15:00:31 +08:00: > next start
2026-06-12 15:00:31 +08:00: 
2026-06-12 15:00:34 +08:00: 
2026-06-12 15:00:34 +08:00: > newme-platform@0.1.0 start
2026-06-12 15:00:34 +08:00: > next start
2026-06-12 15:00:34 +08:00: 
2026-06-12 16:00:30 +08:00: 
2026-06-12 16:00:30 +08:00: > newme-platform@0.1.0 start
2026-06-12 16:00:30 +08:00: > next start
2026-06-12 16:00:30 +08:00: 
2026-06-12 16:00:30 +08:00: 
2026-06-12 16:00:30 +08:00: > newme-platform@0.1.0 start
2026-06-12 16:00:30 +08:00: > next start
2026-06-12 16:00:30 +08:00: 
2026-06-12 16:00:31 +08:00: 
2026-06-12 16:00:31 +08:00: > newme-platform@0.1.0 start
2026-06-12 16:00:31 +08:00: > next start
2026-06-12 16:00:31 +08:00: 
2026-06-12 16:00:31 +08:00: 
2026-06-12 16:00:31 +08:00: > newme-platform@0.1.0 start
2026-06-12 16:00:31 +08:00: > next start
2026-06-12 16:00:31 +08:00: 
2026-06-12 16:00:32 +08:00: 
2026-06-12 16:00:32 +08:00: > newme-platform@0.1.0 start
2026-06-12 16:00:32 +08:00: > next start
2026-06-12 16:00:32 +08:00: 
2026-06-12 16:00:33 +08:00: 
2026-06-12 16:00:33 +08:00: > newme-platform@0.1.0 start
2026-06-12 16:00:33 +08:00: > next start
2026-06-12 16:00:33 +08:00: 
2026-06-12 16:00:34 +08:00: 
2026-06-12 16:00:34 +08:00: > newme-platform@0.1.0 start
2026-06-12 16:00:34 +08:00: > next start
2026-06-12 16:00:34 +08:00: 
2026-06-12 16:00:36 +08:00: 
2026-06-12 16:00:36 +08:00: > newme-platform@0.1.0 start
2026-06-12 16:00:36 +08:00: > next start
2026-06-12 16:00:36 +08:00: 
2026-06-12 16:00:38 +08:00: 
2026-06-12 16:00:38 +08:00: > newme-platform@0.1.0 start
2026-06-12 16:00:38 +08:00: > next start
2026-06-12 16:00:38 +08:00: 
2026-06-12 16:00:41 +08:00: 
2026-06-12 16:00:41 +08:00: > newme-platform@0.1.0 start
2026-06-12 16:00:41 +08:00: > next start
2026-06-12 16:00:41 +08:00: 
2026-06-12 16:12:16 +08:00: 
2026-06-12 16:12:16 +08:00: > newme-platform@0.1.0 start
2026-06-12 16:12:16 +08:00: > next start
2026-06-12 16:12:16 +08:00: 
2026-06-12 16:12:17 +08:00: ▲ Next.js 16.2.6
2026-06-12 16:12:17 +08:00: - Local:         http://localhost:3001
2026-06-12 16:12:17 +08:00: - Network:       http://10.3.0.12:3001
2026-06-12 16:12:17 +08:00: ✓ Ready in 130ms
2026-06-12 17:00:37 +08:00: 
2026-06-12 17:00:37 +08:00: > newme-platform@0.1.0 start
2026-06-12 17:00:37 +08:00: > next start
2026-06-12 17:00:37 +08:00: 
2026-06-12 17:00:38 +08:00: 
2026-06-12 17:00:38 +08:00: > newme-platform@0.1.0 start
2026-06-12 17:00:38 +08:00: > next start
2026-06-12 17:00:38 +08:00: 
2026-06-12 17:00:38 +08:00: 
2026-06-12 17:00:38 +08:00: > newme-platform@0.1.0 start
2026-06-12 17:00:38 +08:00: > next start
2026-06-12 17:00:38 +08:00: 
2026-06-12 17:00:39 +08:00: 
2026-06-12 17:00:39 +08:00: > newme-platform@0.1.0 start
2026-06-12 17:00:39 +08:00: > next start
2026-06-12 17:00:39 +08:00: 
2026-06-12 17:00:40 +08:00: 
2026-06-12 17:00:40 +08:00: > newme-platform@0.1.0 start
2026-06-12 17:00:40 +08:00: > next start
2026-06-12 17:00:40 +08:00: 
2026-06-12 17:00:41 +08:00: 
2026-06-12 17:00:41 +08:00: > newme-platform@0.1.0 start
2026-06-12 17:00:41 +08:00: > next start
2026-06-12 17:00:41 +08:00: 
2026-06-12 17:00:42 +08:00: 
2026-06-12 17:00:42 +08:00: > newme-platform@0.1.0 start
2026-06-12 17:00:42 +08:00: > next start
2026-06-12 17:00:42 +08:00: 
2026-06-12 17:00:43 +08:00: 
2026-06-12 17:00:43 +08:00: > newme-platform@0.1.0 start
2026-06-12 17:00:43 +08:00: > next start
2026-06-12 17:00:43 +08:00: 
2026-06-12 17:00:45 +08:00: 
2026-06-12 17:00:45 +08:00: > newme-platform@0.1.0 start
2026-06-12 17:00:45 +08:00: > next start
2026-06-12 17:00:45 +08:00: 
2026-06-12 17:00:48 +08:00: 
2026-06-12 17:00:48 +08:00: > newme-platform@0.1.0 start
2026-06-12 17:00:48 +08:00: > next start
2026-06-12 17:00:48 +08:00: 
2026-06-12 18:00:46 +08:00: 
2026-06-12 18:00:46 +08:00: > newme-platform@0.1.0 start
2026-06-12 18:00:46 +08:00: > next start
2026-06-12 18:00:46 +08:00: 
2026-06-12 18:00:47 +08:00: 
2026-06-12 18:00:47 +08:00: > newme-platform@0.1.0 start
2026-06-12 18:00:47 +08:00: > next start
2026-06-12 18:00:47 +08:00: 
2026-06-12 18:00:48 +08:00: 
2026-06-12 18:00:48 +08:00: > newme-platform@0.1.0 start
2026-06-12 18:00:48 +08:00: > next start
2026-06-12 18:00:48 +08:00: 
2026-06-12 18:00:49 +08:00: 
2026-06-12 18:00:49 +08:00: > newme-platform@0.1.0 start
2026-06-12 18:00:49 +08:00: > next start
2026-06-12 18:00:49 +08:00: 
2026-06-12 18:00:50 +08:00: 
2026-06-12 18:00:50 +08:00: > newme-platform@0.1.0 start
2026-06-12 18:00:50 +08:00: > next start
2026-06-12 18:00:50 +08:00: 
2026-06-12 18:00:51 +08:00: 
2026-06-12 18:00:51 +08:00: > newme-platform@0.1.0 start
2026-06-12 18:00:51 +08:00: > next start
2026-06-12 18:00:51 +08:00: 
2026-06-12 18:00:53 +08:00: 
2026-06-12 18:00:53 +08:00: > newme-platform@0.1.0 start
2026-06-12 18:00:53 +08:00: > next start
2026-06-12 18:00:53 +08:00: 
2026-06-12 18:00:55 +08:00: 
2026-06-12 18:00:55 +08:00: > newme-platform@0.1.0 start
2026-06-12 18:00:55 +08:00: > next start
2026-06-12 18:00:55 +08:00: 
2026-06-12 18:00:57 +08:00: 
2026-06-12 18:00:57 +08:00: > newme-platform@0.1.0 start
2026-06-12 18:00:57 +08:00: > next start
2026-06-12 18:00:57 +08:00: 
2026-06-12 18:01:00 +08:00: 
2026-06-12 18:01:00 +08:00: > newme-platform@0.1.0 start
2026-06-12 18:01:00 +08:00: > next start
2026-06-12 18:01:00 +08:00: 
2026-06-12 19:00:53 +08:00: 
2026-06-12 19:00:53 +08:00: > newme-platform@0.1.0 start
2026-06-12 19:00:53 +08:00: > next start
2026-06-12 19:00:53 +08:00: 
2026-06-12 19:00:53 +08:00: 
2026-06-12 19:00:53 +08:00: > newme-platform@0.1.0 start
2026-06-12 19:00:53 +08:00: > next start
2026-06-12 19:00:53 +08:00: 
2026-06-12 19:00:54 +08:00: 
2026-06-12 19:00:54 +08:00: > newme-platform@0.1.0 start
2026-06-12 19:00:54 +08:00: > next start
2026-06-12 19:00:54 +08:00: 
2026-06-12 19:00:54 +08:00: 
2026-06-12 19:00:54 +08:00: > newme-platform@0.1.0 start
2026-06-12 19:00:54 +08:00: > next start
2026-06-12 19:00:54 +08:00: 
2026-06-12 19:00:55 +08:00: 
2026-06-12 19:00:55 +08:00: > newme-platform@0.1.0 start
2026-06-12 19:00:55 +08:00: > next start
2026-06-12 19:00:55 +08:00: 
2026-06-12 19:00:56 +08:00: 
2026-06-12 19:00:56 +08:00: > newme-platform@0.1.0 start
2026-06-12 19:00:56 +08:00: > next start
2026-06-12 19:00:56 +08:00: 
2026-06-12 19:00:57 +08:00: 
2026-06-12 19:00:57 +08:00: > newme-platform@0.1.0 start
2026-06-12 19:00:57 +08:00: > next start
2026-06-12 19:00:57 +08:00: 
2026-06-12 19:00:59 +08:00: 
2026-06-12 19:00:59 +08:00: > newme-platform@0.1.0 start
2026-06-12 19:00:59 +08:00: > next start
2026-06-12 19:00:59 +08:00: 
2026-06-12 19:01:01 +08:00: 
2026-06-12 19:01:01 +08:00: > newme-platform@0.1.0 start
2026-06-12 19:01:01 +08:00: > next start
2026-06-12 19:01:01 +08:00: 
2026-06-12 19:01:04 +08:00: 
2026-06-12 19:01:04 +08:00: > newme-platform@0.1.0 start
2026-06-12 19:01:04 +08:00: > next start
2026-06-12 19:01:04 +08:00: 
2026-06-12 20:00:09 +08:00: 
2026-06-12 20:00:09 +08:00: > newme-platform@0.1.0 start
2026-06-12 20:00:09 +08:00: > next start
2026-06-12 20:00:09 +08:00: 
2026-06-12 20:00:09 +08:00: 
2026-06-12 20:00:09 +08:00: > newme-platform@0.1.0 start
2026-06-12 20:00:09 +08:00: > next start
2026-06-12 20:00:09 +08:00: 
2026-06-12 20:00:10 +08:00: 
2026-06-12 20:00:10 +08:00: > newme-platform@0.1.0 start
2026-06-12 20:00:10 +08:00: > next start
2026-06-12 20:00:10 +08:00: 
2026-06-12 20:00:10 +08:00: 
2026-06-12 20:00:10 +08:00: > newme-platform@0.1.0 start
2026-06-12 20:00:10 +08:00: > next start
2026-06-12 20:00:10 +08:00: 
2026-06-12 20:00:11 +08:00: 
2026-06-12 20:00:11 +08:00: > newme-platform@0.1.0 start
2026-06-12 20:00:11 +08:00: > next start
2026-06-12 20:00:11 +08:00: 
2026-06-12 20:00:12 +08:00: 
2026-06-12 20:00:12 +08:00: > newme-platform@0.1.0 start
2026-06-12 20:00:12 +08:00: > next start
2026-06-12 20:00:12 +08:00: 
2026-06-12 20:00:13 +08:00: 
2026-06-12 20:00:13 +08:00: > newme-platform@0.1.0 start
2026-06-12 20:00:13 +08:00: > next start
2026-06-12 20:00:13 +08:00: 
2026-06-12 20:00:14 +08:00: 
2026-06-12 20:00:14 +08:00: > newme-platform@0.1.0 start
2026-06-12 20:00:14 +08:00: > next start
2026-06-12 20:00:14 +08:00: 
2026-06-12 20:00:17 +08:00: 
2026-06-12 20:00:17 +08:00: > newme-platform@0.1.0 start
2026-06-12 20:00:17 +08:00: > next start
2026-06-12 20:00:17 +08:00: 
2026-06-12 20:00:20 +08:00: 
2026-06-12 20:00:20 +08:00: > newme-platform@0.1.0 start
2026-06-12 20:00:20 +08:00: > next start
2026-06-12 20:00:20 +08:00: 
2026-06-12 20:12:12 +08:00: 
2026-06-12 20:12:12 +08:00: > newme-platform@0.1.0 start
2026-06-12 20:12:12 +08:00: > next start
2026-06-12 20:12:12 +08:00: 
2026-06-12 20:12:12 +08:00: 
2026-06-12 20:12:12 +08:00: > newme-platform@0.1.0 start
2026-06-12 20:12:12 +08:00: > next start
2026-06-12 20:12:12 +08:00: 
2026-06-12 20:12:13 +08:00: 
2026-06-12 20:12:13 +08:00: > newme-platform@0.1.0 start
2026-06-12 20:12:13 +08:00: > next start
2026-06-12 20:12:13 +08:00: 
2026-06-12 20:12:13 +08:00: 
2026-06-12 20:12:13 +08:00: > newme-platform@0.1.0 start
2026-06-12 20:12:13 +08:00: > next start
2026-06-12 20:12:13 +08:00: 
2026-06-12 20:12:14 +08:00: 
2026-06-12 20:12:14 +08:00: > newme-platform@0.1.0 start
2026-06-12 20:12:14 +08:00: > next start
2026-06-12 20:12:14 +08:00: 
2026-06-12 20:12:15 +08:00: 
2026-06-12 20:12:15 +08:00: > newme-platform@0.1.0 start
2026-06-12 20:12:15 +08:00: > next start
2026-06-12 20:12:15 +08:00: 
2026-06-12 20:12:16 +08:00: 
2026-06-12 20:12:16 +08:00: > newme-platform@0.1.0 start
2026-06-12 20:12:16 +08:00: > next start
2026-06-12 20:12:16 +08:00: 
2026-06-12 20:12:18 +08:00: 
2026-06-12 20:12:18 +08:00: > newme-platform@0.1.0 start
2026-06-12 20:12:18 +08:00: > next start
2026-06-12 20:12:18 +08:00: 
2026-06-12 20:12:20 +08:00: 
2026-06-12 20:12:20 +08:00: > newme-platform@0.1.0 start
2026-06-12 20:12:20 +08:00: > next start
2026-06-12 20:12:20 +08:00: 
2026-06-12 20:12:23 +08:00: 
2026-06-12 20:12:23 +08:00: > newme-platform@0.1.0 start
2026-06-12 20:12:23 +08:00: > next start
2026-06-12 20:12:23 +08:00: 
2026-06-23 04:00:01 +08:00: 
2026-06-23 04:00:01 +08:00: > newme-platform@0.1.0 start
2026-06-23 04:00:01 +08:00: > next start
2026-06-23 04:00:01 +08:00: 
2026-06-23 04:00:02 +08:00: 
2026-06-23 04:00:02 +08:00: > newme-platform@0.1.0 start
2026-06-23 04:00:02 +08:00: > next start
2026-06-23 04:00:02 +08:00: 
2026-06-23 04:00:02 +08:00: 
2026-06-23 04:00:02 +08:00: > newme-platform@0.1.0 start
2026-06-23 04:00:02 +08:00: > next start
2026-06-23 04:00:02 +08:00: 
2026-06-23 04:00:03 +08:00: 
2026-06-23 04:00:03 +08:00: > newme-platform@0.1.0 start
2026-06-23 04:00:03 +08:00: > next start
2026-06-23 04:00:03 +08:00: 
2026-06-23 04:00:04 +08:00: 
2026-06-23 04:00:04 +08:00: > newme-platform@0.1.0 start
2026-06-23 04:00:04 +08:00: > next start
2026-06-23 04:00:04 +08:00: 
2026-06-23 04:00:05 +08:00: 
2026-06-23 04:00:05 +08:00: > newme-platform@0.1.0 start
2026-06-23 04:00:05 +08:00: > next start
2026-06-23 04:00:05 +08:00: 
2026-06-23 04:00:06 +08:00: 
2026-06-23 04:00:06 +08:00: > newme-platform@0.1.0 start
2026-06-23 04:00:06 +08:00: > next start
2026-06-23 04:00:06 +08:00: 
2026-06-23 04:00:08 +08:00: 
2026-06-23 04:00:08 +08:00: > newme-platform@0.1.0 start
2026-06-23 04:00:08 +08:00: > next start
2026-06-23 04:00:08 +08:00: 
2026-06-23 04:00:10 +08:00: 
2026-06-23 04:00:10 +08:00: > newme-platform@0.1.0 start
2026-06-23 04:00:10 +08:00: > next start
2026-06-23 04:00:10 +08:00: 
2026-06-23 04:00:13 +08:00: 
2026-06-23 04:00:13 +08:00: > newme-platform@0.1.0 start
2026-06-23 04:00:13 +08:00: > next start
2026-06-23 04:00:13 +08:00: 
2026-06-23 18:58:01 +08:00: 
2026-06-23 18:58:01 +08:00: > newme-platform@0.1.0 start
2026-06-23 18:58:01 +08:00: > next start
2026-06-23 18:58:01 +08:00: 
2026-06-23 18:58:02 +08:00: 
2026-06-23 18:58:02 +08:00: > newme-platform@0.1.0 start
2026-06-23 18:58:02 +08:00: > next start
2026-06-23 18:58:02 +08:00: 
2026-06-23 18:58:04 +08:00: 
2026-06-23 18:58:04 +08:00: > newme-platform@0.1.0 start
2026-06-23 18:58:04 +08:00: > next start
2026-06-23 18:58:04 +08:00: 
2026-06-23 18:58:05 +08:00: 
2026-06-23 18:58:05 +08:00: > newme-platform@0.1.0 start
2026-06-23 18:58:05 +08:00: > next start
2026-06-23 18:58:05 +08:00: 
2026-06-23 18:58:06 +08:00: 
2026-06-23 18:58:06 +08:00: > newme-platform@0.1.0 start
2026-06-23 18:58:06 +08:00: > next start
2026-06-23 18:58:06 +08:00: 
2026-06-23 18:58:07 +08:00: 
2026-06-23 18:58:07 +08:00: > newme-platform@0.1.0 start
2026-06-23 18:58:07 +08:00: > next start
2026-06-23 18:58:07 +08:00: 
2026-06-23 18:58:08 +08:00: 
2026-06-23 18:58:08 +08:00: > newme-platform@0.1.0 start
2026-06-23 18:58:08 +08:00: > next start
2026-06-23 18:58:08 +08:00: 
2026-06-23 18:58:10 +08:00: 
2026-06-23 18:58:10 +08:00: > newme-platform@0.1.0 start
2026-06-23 18:58:10 +08:00: > next start
2026-06-23 18:58:10 +08:00: 
2026-06-23 18:58:12 +08:00: 
2026-06-23 18:58:12 +08:00: > newme-platform@0.1.0 start
2026-06-23 18:58:12 +08:00: > next start
2026-06-23 18:58:12 +08:00: 
2026-06-23 18:58:15 +08:00: 
2026-06-23 18:58:15 +08:00: > newme-platform@0.1.0 start
2026-06-23 18:58:15 +08:00: > next start
2026-06-23 18:58:15 +08:00: 
2026-06-23 18:58:19 +08:00: 
2026-06-23 18:58:19 +08:00: > newme-platform@0.1.0 start
2026-06-23 18:58:19 +08:00: > next start
2026-06-23 18:58:19 +08:00: 
2026-06-23 18:58:25 +08:00: 
2026-06-23 18:58:25 +08:00: > newme-platform@0.1.0 start
2026-06-23 18:58:25 +08:00: > next start
2026-06-23 18:58:25 +08:00: 
2026-06-23 18:58:34 +08:00: 
2026-06-23 18:58:34 +08:00: > newme-platform@0.1.0 start
2026-06-23 18:58:34 +08:00: > next start
2026-06-23 18:58:34 +08:00: 
2026-06-23 18:58:48 +08:00: 
2026-06-23 18:58:48 +08:00: > newme-platform@0.1.0 start
2026-06-23 18:58:48 +08:00: > next start
2026-06-23 18:58:48 +08:00: 
2026-06-23 18:59:03 +08:00: 
2026-06-23 18:59:03 +08:00: > newme-platform@0.1.0 start
2026-06-23 18:59:03 +08:00: > next start
2026-06-23 18:59:03 +08:00: 
2026-06-23 18:59:18 +08:00: 
2026-06-23 18:59:18 +08:00: > newme-platform@0.1.0 start
2026-06-23 18:59:18 +08:00: > next start
2026-06-23 18:59:18 +08:00: 
2026-06-23 18:59:34 +08:00: 
2026-06-23 18:59:34 +08:00: > newme-platform@0.1.0 start
2026-06-23 18:59:34 +08:00: > next start
2026-06-23 18:59:34 +08:00: 
2026-06-23 18:59:49 +08:00: 
2026-06-23 18:59:49 +08:00: > newme-platform@0.1.0 start
2026-06-23 18:59:49 +08:00: > next start
2026-06-23 18:59:49 +08:00: 
2026-06-23 19:00:05 +08:00: 
2026-06-23 19:00:05 +08:00: > newme-platform@0.1.0 start
2026-06-23 19:00:05 +08:00: > next start
2026-06-23 19:00:05 +08:00: 
2026-06-23 19:00:20 +08:00: 
2026-06-23 19:00:20 +08:00: > newme-platform@0.1.0 start
2026-06-23 19:00:20 +08:00: > next start
2026-06-23 19:00:20 +08:00: 
2026-06-23 19:00:35 +08:00: 
2026-06-23 19:00:35 +08:00: > newme-platform@0.1.0 start
2026-06-23 19:00:35 +08:00: > next start
2026-06-23 19:00:35 +08:00: 
2026-06-23 19:00:51 +08:00: 
2026-06-23 19:00:51 +08:00: > newme-platform@0.1.0 start
2026-06-23 19:00:51 +08:00: > next start
2026-06-23 19:00:51 +08:00: 
2026-06-23 19:01:06 +08:00: 
2026-06-23 19:01:06 +08:00: > newme-platform@0.1.0 start
2026-06-23 19:01:06 +08:00: > next start
2026-06-23 19:01:06 +08:00: 
2026-06-23 19:01:22 +08:00: 
2026-06-23 19:01:22 +08:00: > newme-platform@0.1.0 start
2026-06-23 19:01:22 +08:00: > next start
2026-06-23 19:01:22 +08:00: 
2026-06-23 19:01:37 +08:00: 
2026-06-23 19:01:37 +08:00: > newme-platform@0.1.0 start
2026-06-23 19:01:37 +08:00: > next start
2026-06-23 19:01:37 +08:00: 
2026-06-23 19:01:53 +08:00: 
2026-06-23 19:01:53 +08:00: > newme-platform@0.1.0 start
2026-06-23 19:01:53 +08:00: > next start
2026-06-23 19:01:53 +08:00: 
2026-06-23 19:02:08 +08:00: 
2026-06-23 19:02:08 +08:00: > newme-platform@0.1.0 start
2026-06-23 19:02:08 +08:00: > next start
2026-06-23 19:02:08 +08:00: 
2026-06-23 19:02:23 +08:00: 
2026-06-23 19:02:23 +08:00: > newme-platform@0.1.0 start
2026-06-23 19:02:23 +08:00: > next start
2026-06-23 19:02:23 +08:00: 
2026-06-23 19:02:39 +08:00: 
2026-06-23 19:02:39 +08:00: > newme-platform@0.1.0 start
2026-06-23 19:02:39 +08:00: > next start
2026-06-23 19:02:39 +08:00: 
2026-06-23 19:02:54 +08:00: 
2026-06-23 19:02:54 +08:00: > newme-platform@0.1.0 start
2026-06-23 19:02:54 +08:00: > next start
2026-06-23 19:02:54 +08:00: 
2026-06-23 19:03:10 +08:00: 
2026-06-23 19:03:10 +08:00: > newme-platform@0.1.0 start
2026-06-23 19:03:10 +08:00: > next start
2026-06-23 19:03:10 +08:00: 
2026-06-23 19:03:25 +08:00: 
2026-06-23 19:03:25 +08:00: > newme-platform@0.1.0 start
2026-06-23 19:03:25 +08:00: > next start
2026-06-23 19:03:25 +08:00: 
2026-06-23 19:03:40 +08:00: 
2026-06-23 19:03:40 +08:00: > newme-platform@0.1.0 start
2026-06-23 19:03:40 +08:00: > next start
2026-06-23 19:03:40 +08:00: 
2026-06-23 19:03:56 +08:00: 
2026-06-23 19:03:56 +08:00: > newme-platform@0.1.0 start
2026-06-23 19:03:56 +08:00: > next start
2026-06-23 19:03:56 +08:00: 
2026-06-23 19:04:11 +08:00: 
2026-06-23 19:04:11 +08:00: > newme-platform@0.1.0 start
2026-06-23 19:04:11 +08:00: > next start
2026-06-23 19:04:11 +08:00: 
2026-06-23 19:04:27 +08:00: 
2026-06-23 19:04:27 +08:00: > newme-platform@0.1.0 start
2026-06-23 19:04:27 +08:00: > next start
2026-06-23 19:04:27 +08:00: 
2026-06-23 19:04:42 +08:00: 
2026-06-23 19:04:42 +08:00: > newme-platform@0.1.0 start
2026-06-23 19:04:42 +08:00: > next start
2026-06-23 19:04:42 +08:00: 
2026-06-23 19:04:57 +08:00: 
2026-06-23 19:04:57 +08:00: > newme-platform@0.1.0 start
2026-06-23 19:04:57 +08:00: > next start
2026-06-23 19:04:57 +08:00: 
2026-06-23 19:05:13 +08:00: 
2026-06-23 19:05:13 +08:00: > newme-platform@0.1.0 start
2026-06-23 19:05:13 +08:00: > next start
2026-06-23 19:05:13 +08:00: 
2026-06-23 19:05:28 +08:00: 
2026-06-23 19:05:28 +08:00: > newme-platform@0.1.0 start
2026-06-23 19:05:28 +08:00: > next start
2026-06-23 19:05:28 +08:00: 
2026-06-23 19:05:44 +08:00: 
2026-06-23 19:05:44 +08:00: > newme-platform@0.1.0 start
2026-06-23 19:05:44 +08:00: > next start
2026-06-23 19:05:44 +08:00: 
2026-06-23 19:05:59 +08:00: 
2026-06-23 19:05:59 +08:00: > newme-platform@0.1.0 start
2026-06-23 19:05:59 +08:00: > next start
2026-06-23 19:05:59 +08:00: 
2026-06-23 19:06:14 +08:00: 
2026-06-23 19:06:14 +08:00: > newme-platform@0.1.0 start
2026-06-23 19:06:14 +08:00: > next start
2026-06-23 19:06:14 +08:00: 
2026-06-23 19:06:30 +08:00: 
2026-06-23 19:06:30 +08:00: > newme-platform@0.1.0 start
2026-06-23 19:06:30 +08:00: > next start
2026-06-23 19:06:30 +08:00: 
2026-06-23 19:06:45 +08:00: 
2026-06-23 19:06:45 +08:00: > newme-platform@0.1.0 start
2026-06-23 19:06:45 +08:00: > next start
2026-06-23 19:06:45 +08:00: 
2026-06-23 19:07:01 +08:00: 
2026-06-23 19:07:01 +08:00: > newme-platform@0.1.0 start
2026-06-23 19:07:01 +08:00: > next start
2026-06-23 19:07:01 +08:00: 
2026-06-23 19:07:16 +08:00: 
2026-06-23 19:07:16 +08:00: > newme-platform@0.1.0 start
2026-06-23 19:07:16 +08:00: > next start
2026-06-23 19:07:16 +08:00: 
2026-06-23 19:07:31 +08:00: 
2026-06-23 19:07:31 +08:00: > newme-platform@0.1.0 start
2026-06-23 19:07:31 +08:00: > next start
2026-06-23 19:07:31 +08:00: 
2026-06-23 19:07:47 +08:00: 
2026-06-23 19:07:47 +08:00: > newme-platform@0.1.0 start
2026-06-23 19:07:47 +08:00: > next start
2026-06-23 19:07:47 +08:00: 
2026-06-23 19:08:02 +08:00: 
2026-06-23 19:08:02 +08:00: > newme-platform@0.1.0 start
2026-06-23 19:08:02 +08:00: > next start
2026-06-23 19:08:02 +08:00: 
2026-06-23 19:08:18 +08:00: 
2026-06-23 19:08:18 +08:00: > newme-platform@0.1.0 start
2026-06-23 19:08:18 +08:00: > next start
2026-06-23 19:08:18 +08:00: 
2026-06-23 19:08:33 +08:00: 
2026-06-23 19:08:33 +08:00: > newme-platform@0.1.0 start
2026-06-23 19:08:33 +08:00: > next start
2026-06-23 19:08:33 +08:00: 
2026-06-23 19:08:48 +08:00: 
2026-06-23 19:08:48 +08:00: > newme-platform@0.1.0 start
2026-06-23 19:08:48 +08:00: > next start
2026-06-23 19:08:48 +08:00: 
2026-06-23 19:09:04 +08:00: 
2026-06-23 19:09:04 +08:00: > newme-platform@0.1.0 start
2026-06-23 19:09:04 +08:00: > next start
2026-06-23 19:09:04 +08:00: 
2026-06-23 19:09:19 +08:00: 
2026-06-23 19:09:19 +08:00: > newme-platform@0.1.0 start
2026-06-23 19:09:19 +08:00: > next start
2026-06-23 19:09:19 +08:00: 
2026-06-23 19:09:35 +08:00: 
2026-06-23 19:09:35 +08:00: > newme-platform@0.1.0 start
2026-06-23 19:09:35 +08:00: > next start
2026-06-23 19:09:35 +08:00: 
2026-06-23 19:09:50 +08:00: 
2026-06-23 19:09:50 +08:00: > newme-platform@0.1.0 start
2026-06-23 19:09:50 +08:00: > next start
2026-06-23 19:09:50 +08:00: 
2026-06-23 19:10:05 +08:00: 
2026-06-23 19:10:05 +08:00: > newme-platform@0.1.0 start
2026-06-23 19:10:05 +08:00: > next start
2026-06-23 19:10:05 +08:00: 
2026-06-23 19:10:21 +08:00: 
2026-06-23 19:10:21 +08:00: > newme-platform@0.1.0 start
2026-06-23 19:10:21 +08:00: > next start
2026-06-23 19:10:21 +08:00: 
2026-06-23 19:10:36 +08:00: 
2026-06-23 19:10:36 +08:00: > newme-platform@0.1.0 start
2026-06-23 19:10:36 +08:00: > next start
2026-06-23 19:10:36 +08:00: 
2026-06-23 19:10:52 +08:00: 
2026-06-23 19:10:52 +08:00: > newme-platform@0.1.0 start
2026-06-23 19:10:52 +08:00: > next start
2026-06-23 19:10:52 +08:00: 
2026-06-23 19:11:07 +08:00: 
2026-06-23 19:11:07 +08:00: > newme-platform@0.1.0 start
2026-06-23 19:11:07 +08:00: > next start
2026-06-23 19:11:07 +08:00: 
2026-06-23 19:11:22 +08:00: 
2026-06-23 19:11:22 +08:00: > newme-platform@0.1.0 start
2026-06-23 19:11:22 +08:00: > next start
2026-06-23 19:11:22 +08:00: 
2026-06-23 19:11:38 +08:00: 
2026-06-23 19:11:38 +08:00: > newme-platform@0.1.0 start
2026-06-23 19:11:38 +08:00: > next start
2026-06-23 19:11:38 +08:00: 
2026-06-23 19:11:53 +08:00: 
2026-06-23 19:11:53 +08:00: > newme-platform@0.1.0 start
2026-06-23 19:11:53 +08:00: > next start
2026-06-23 19:11:53 +08:00: 
2026-06-23 19:12:09 +08:00: 
2026-06-23 19:12:09 +08:00: > newme-platform@0.1.0 start
2026-06-23 19:12:09 +08:00: > next start
2026-06-23 19:12:09 +08:00: 
2026-06-23 19:12:24 +08:00: 
2026-06-23 19:12:24 +08:00: > newme-platform@0.1.0 start
2026-06-23 19:12:24 +08:00: > next start
2026-06-23 19:12:24 +08:00: 
2026-06-23 19:12:39 +08:00: 
2026-06-23 19:12:39 +08:00: > newme-platform@0.1.0 start
2026-06-23 19:12:39 +08:00: > next start
2026-06-23 19:12:39 +08:00: 
2026-06-23 19:12:55 +08:00: 
2026-06-23 19:12:55 +08:00: > newme-platform@0.1.0 start
2026-06-23 19:12:55 +08:00: > next start
2026-06-23 19:12:55 +08:00: 
2026-06-23 19:13:10 +08:00: 
2026-06-23 19:13:10 +08:00: > newme-platform@0.1.0 start
2026-06-23 19:13:10 +08:00: > next start
2026-06-23 19:13:10 +08:00: 
2026-06-23 19:13:26 +08:00: 
2026-06-23 19:13:26 +08:00: > newme-platform@0.1.0 start
2026-06-23 19:13:26 +08:00: > next start
2026-06-23 19:13:26 +08:00: 
2026-06-23 19:13:41 +08:00: 
2026-06-23 19:13:41 +08:00: > newme-platform@0.1.0 start
2026-06-23 19:13:41 +08:00: > next start
2026-06-23 19:13:41 +08:00: 
2026-06-23 19:13:56 +08:00: 
2026-06-23 19:13:56 +08:00: > newme-platform@0.1.0 start
2026-06-23 19:13:56 +08:00: > next start
2026-06-23 19:13:56 +08:00: 
2026-06-23 19:14:12 +08:00: 
2026-06-23 19:14:12 +08:00: > newme-platform@0.1.0 start
2026-06-23 19:14:12 +08:00: > next start
2026-06-23 19:14:12 +08:00: 
2026-06-23 19:14:27 +08:00: 
2026-06-23 19:14:27 +08:00: > newme-platform@0.1.0 start
2026-06-23 19:14:27 +08:00: > next start
2026-06-23 19:14:27 +08:00: 
2026-06-23 19:14:42 +08:00: 
2026-06-23 19:14:42 +08:00: > newme-platform@0.1.0 start
2026-06-23 19:14:42 +08:00: > next start
2026-06-23 19:14:42 +08:00: 
2026-06-23 19:14:58 +08:00: 
2026-06-23 19:14:58 +08:00: > newme-platform@0.1.0 start
2026-06-23 19:14:58 +08:00: > next start
2026-06-23 19:14:58 +08:00: 
2026-06-23 19:15:13 +08:00: 
2026-06-23 19:15:13 +08:00: > newme-platform@0.1.0 start
2026-06-23 19:15:13 +08:00: > next start
2026-06-23 19:15:13 +08:00: 
2026-06-23 19:15:29 +08:00: 
2026-06-23 19:15:29 +08:00: > newme-platform@0.1.0 start
2026-06-23 19:15:29 +08:00: > next start
2026-06-23 19:15:29 +08:00: 
2026-06-23 19:15:44 +08:00: 
2026-06-23 19:15:44 +08:00: > newme-platform@0.1.0 start
2026-06-23 19:15:44 +08:00: > next start
2026-06-23 19:15:44 +08:00: 
2026-06-23 19:15:59 +08:00: 
2026-06-23 19:15:59 +08:00: > newme-platform@0.1.0 start
2026-06-23 19:15:59 +08:00: > next start
2026-06-23 19:15:59 +08:00: 
2026-06-23 19:16:15 +08:00: 
2026-06-23 19:16:15 +08:00: > newme-platform@0.1.0 start
2026-06-23 19:16:15 +08:00: > next start
2026-06-23 19:16:15 +08:00: 
2026-06-23 19:16:30 +08:00: 
2026-06-23 19:16:30 +08:00: > newme-platform@0.1.0 start
2026-06-23 19:16:30 +08:00: > next start
2026-06-23 19:16:30 +08:00: 
2026-06-23 19:16:46 +08:00: 
2026-06-23 19:16:46 +08:00: > newme-platform@0.1.0 start
2026-06-23 19:16:46 +08:00: > next start
2026-06-23 19:16:46 +08:00: 
2026-06-23 19:17:01 +08:00: 
2026-06-23 19:17:01 +08:00: > newme-platform@0.1.0 start
2026-06-23 19:17:01 +08:00: > next start
2026-06-23 19:17:01 +08:00: 
2026-06-23 19:17:16 +08:00: 
2026-06-23 19:17:16 +08:00: > newme-platform@0.1.0 start
2026-06-23 19:17:16 +08:00: > next start
2026-06-23 19:17:16 +08:00: 
2026-06-23 19:17:32 +08:00: 
2026-06-23 19:17:32 +08:00: > newme-platform@0.1.0 start
2026-06-23 19:17:32 +08:00: > next start
2026-06-23 19:17:32 +08:00: 
2026-06-23 19:17:47 +08:00: 
2026-06-23 19:17:47 +08:00: > newme-platform@0.1.0 start
2026-06-23 19:17:47 +08:00: > next start
2026-06-23 19:17:47 +08:00: 
2026-06-23 19:18:03 +08:00: 
2026-06-23 19:18:03 +08:00: > newme-platform@0.1.0 start
2026-06-23 19:18:03 +08:00: > next start
2026-06-23 19:18:03 +08:00: 
2026-06-23 19:18:18 +08:00: 
2026-06-23 19:18:18 +08:00: > newme-platform@0.1.0 start
2026-06-23 19:18:18 +08:00: > next start
2026-06-23 19:18:18 +08:00: 
2026-06-23 19:18:33 +08:00: 
2026-06-23 19:18:33 +08:00: > newme-platform@0.1.0 start
2026-06-23 19:18:33 +08:00: > next start
2026-06-23 19:18:33 +08:00: 
2026-06-23 19:18:49 +08:00: 
2026-06-23 19:18:49 +08:00: > newme-platform@0.1.0 start
2026-06-23 19:18:49 +08:00: > next start
2026-06-23 19:18:49 +08:00: 
2026-06-23 19:19:04 +08:00: 
2026-06-23 19:19:04 +08:00: > newme-platform@0.1.0 start
2026-06-23 19:19:04 +08:00: > next start
2026-06-23 19:19:04 +08:00: 
2026-06-23 19:19:20 +08:00: 
2026-06-23 19:19:20 +08:00: > newme-platform@0.1.0 start
2026-06-23 19:19:20 +08:00: > next start
2026-06-23 19:19:20 +08:00: 
2026-06-23 19:19:35 +08:00: 
2026-06-23 19:19:35 +08:00: > newme-platform@0.1.0 start
2026-06-23 19:19:35 +08:00: > next start
2026-06-23 19:19:35 +08:00: 
2026-06-23 19:19:50 +08:00: 
2026-06-23 19:19:50 +08:00: > newme-platform@0.1.0 start
2026-06-23 19:19:50 +08:00: > next start
2026-06-23 19:19:50 +08:00: 
2026-06-23 19:20:06 +08:00: 
2026-06-23 19:20:06 +08:00: > newme-platform@0.1.0 start
2026-06-23 19:20:06 +08:00: > next start
2026-06-23 19:20:06 +08:00: 
2026-06-23 19:20:21 +08:00: 
2026-06-23 19:20:21 +08:00: > newme-platform@0.1.0 start
2026-06-23 19:20:21 +08:00: > next start
2026-06-23 19:20:21 +08:00: 
2026-06-23 19:20:36 +08:00: 
2026-06-23 19:20:36 +08:00: > newme-platform@0.1.0 start
2026-06-23 19:20:36 +08:00: > next start
2026-06-23 19:20:36 +08:00: 
2026-06-23 19:20:52 +08:00: 
2026-06-23 19:20:52 +08:00: > newme-platform@0.1.0 start
2026-06-23 19:20:52 +08:00: > next start
2026-06-23 19:20:52 +08:00: 
2026-06-23 19:21:07 +08:00: 
2026-06-23 19:21:07 +08:00: > newme-platform@0.1.0 start
2026-06-23 19:21:07 +08:00: > next start
2026-06-23 19:21:07 +08:00: 
2026-06-23 19:21:23 +08:00: 
2026-06-23 19:21:23 +08:00: > newme-platform@0.1.0 start
2026-06-23 19:21:23 +08:00: > next start
2026-06-23 19:21:23 +08:00: 
2026-06-23 19:21:38 +08:00: 
2026-06-23 19:21:38 +08:00: > newme-platform@0.1.0 start
2026-06-23 19:21:38 +08:00: > next start
2026-06-23 19:21:38 +08:00: 
2026-06-23 19:21:53 +08:00: 
2026-06-23 19:21:53 +08:00: > newme-platform@0.1.0 start
2026-06-23 19:21:53 +08:00: > next start
2026-06-23 19:21:53 +08:00: 
2026-06-23 19:22:09 +08:00: 
2026-06-23 19:22:09 +08:00: > newme-platform@0.1.0 start
2026-06-23 19:22:09 +08:00: > next start
2026-06-23 19:22:09 +08:00: 
2026-06-23 19:22:24 +08:00: 
2026-06-23 19:22:24 +08:00: > newme-platform@0.1.0 start
2026-06-23 19:22:24 +08:00: > next start
2026-06-23 19:22:24 +08:00: 
2026-06-23 19:22:40 +08:00: 
2026-06-23 19:22:40 +08:00: > newme-platform@0.1.0 start
2026-06-23 19:22:40 +08:00: > next start
2026-06-23 19:22:40 +08:00: 
2026-06-23 19:22:55 +08:00: 
2026-06-23 19:22:55 +08:00: > newme-platform@0.1.0 start
2026-06-23 19:22:55 +08:00: > next start
2026-06-23 19:22:55 +08:00: 
2026-06-23 19:23:10 +08:00: 
2026-06-23 19:23:10 +08:00: > newme-platform@0.1.0 start
2026-06-23 19:23:10 +08:00: > next start
2026-06-23 19:23:10 +08:00: 
2026-06-23 19:23:26 +08:00: 
2026-06-23 19:23:26 +08:00: > newme-platform@0.1.0 start
2026-06-23 19:23:26 +08:00: > next start
2026-06-23 19:23:26 +08:00: 
2026-06-23 19:23:41 +08:00: 
2026-06-23 19:23:41 +08:00: > newme-platform@0.1.0 start
2026-06-23 19:23:41 +08:00: > next start
2026-06-23 19:23:41 +08:00: 
2026-06-23 19:23:57 +08:00: 
2026-06-23 19:23:57 +08:00: > newme-platform@0.1.0 start
2026-06-23 19:23:57 +08:00: > next start
2026-06-23 19:23:57 +08:00: 
2026-06-23 19:24:12 +08:00: 
2026-06-23 19:24:12 +08:00: > newme-platform@0.1.0 start
2026-06-23 19:24:12 +08:00: > next start
2026-06-23 19:24:12 +08:00: 
2026-06-23 19:24:27 +08:00: 
2026-06-23 19:24:27 +08:00: > newme-platform@0.1.0 start
2026-06-23 19:24:27 +08:00: > next start
2026-06-23 19:24:27 +08:00: 
2026-06-23 19:24:43 +08:00: 
2026-06-23 19:24:43 +08:00: > newme-platform@0.1.0 start
2026-06-23 19:24:43 +08:00: > next start
2026-06-23 19:24:43 +08:00: 
2026-06-23 19:24:58 +08:00: 
2026-06-23 19:24:58 +08:00: > newme-platform@0.1.0 start
2026-06-23 19:24:58 +08:00: > next start
2026-06-23 19:24:58 +08:00: 
2026-06-23 19:25:14 +08:00: 
2026-06-23 19:25:14 +08:00: > newme-platform@0.1.0 start
2026-06-23 19:25:14 +08:00: > next start
2026-06-23 19:25:14 +08:00: 
2026-06-23 19:25:29 +08:00: 
2026-06-23 19:25:29 +08:00: > newme-platform@0.1.0 start
2026-06-23 19:25:29 +08:00: > next start
2026-06-23 19:25:29 +08:00: 
2026-06-23 19:25:45 +08:00: 
2026-06-23 19:25:45 +08:00: > newme-platform@0.1.0 start
2026-06-23 19:25:45 +08:00: > next start
2026-06-23 19:25:45 +08:00: 
2026-06-23 19:26:00 +08:00: 
2026-06-23 19:26:00 +08:00: > newme-platform@0.1.0 start
2026-06-23 19:26:00 +08:00: > next start
2026-06-23 19:26:00 +08:00: 
2026-06-23 19:26:16 +08:00: 
2026-06-23 19:26:16 +08:00: > newme-platform@0.1.0 start
2026-06-23 19:26:16 +08:00: > next start
2026-06-23 19:26:16 +08:00: 
2026-06-23 19:26:31 +08:00: 
2026-06-23 19:26:31 +08:00: > newme-platform@0.1.0 start
2026-06-23 19:26:31 +08:00: > next start
2026-06-23 19:26:31 +08:00: 
2026-06-23 19:26:46 +08:00: 
2026-06-23 19:26:46 +08:00: > newme-platform@0.1.0 start
2026-06-23 19:26:46 +08:00: > next start
2026-06-23 19:26:46 +08:00: 
2026-06-23 19:27:02 +08:00: 
2026-06-23 19:27:02 +08:00: > newme-platform@0.1.0 start
2026-06-23 19:27:02 +08:00: > next start
2026-06-23 19:27:02 +08:00: 
2026-06-23 19:27:17 +08:00: 
2026-06-23 19:27:17 +08:00: > newme-platform@0.1.0 start
2026-06-23 19:27:17 +08:00: > next start
2026-06-23 19:27:17 +08:00: 
2026-06-23 19:27:33 +08:00: 
2026-06-23 19:27:33 +08:00: > newme-platform@0.1.0 start
2026-06-23 19:27:33 +08:00: > next start
2026-06-23 19:27:33 +08:00: 
2026-06-23 19:27:48 +08:00: 
2026-06-23 19:27:48 +08:00: > newme-platform@0.1.0 start
2026-06-23 19:27:48 +08:00: > next start
2026-06-23 19:27:48 +08:00: 
2026-06-23 19:28:03 +08:00: 
2026-06-23 19:28:03 +08:00: > newme-platform@0.1.0 start
2026-06-23 19:28:03 +08:00: > next start
2026-06-23 19:28:03 +08:00: 
2026-06-23 19:28:19 +08:00: 
2026-06-23 19:28:19 +08:00: > newme-platform@0.1.0 start
2026-06-23 19:28:19 +08:00: > next start
2026-06-23 19:28:19 +08:00: 
2026-06-23 19:28:34 +08:00: 
2026-06-23 19:28:34 +08:00: > newme-platform@0.1.0 start
2026-06-23 19:28:34 +08:00: > next start
2026-06-23 19:28:34 +08:00: 
2026-06-23 19:28:50 +08:00: 
2026-06-23 19:28:50 +08:00: > newme-platform@0.1.0 start
2026-06-23 19:28:50 +08:00: > next start
2026-06-23 19:28:50 +08:00: 
2026-06-23 19:29:05 +08:00: 
2026-06-23 19:29:05 +08:00: > newme-platform@0.1.0 start
2026-06-23 19:29:05 +08:00: > next start
2026-06-23 19:29:05 +08:00: 
2026-06-23 19:29:20 +08:00: 
2026-06-23 19:29:20 +08:00: > newme-platform@0.1.0 start
2026-06-23 19:29:20 +08:00: > next start
2026-06-23 19:29:20 +08:00: 
2026-06-23 19:29:36 +08:00: 
2026-06-23 19:29:36 +08:00: > newme-platform@0.1.0 start
2026-06-23 19:29:36 +08:00: > next start
2026-06-23 19:29:36 +08:00: 
2026-06-23 19:29:51 +08:00: 
2026-06-23 19:29:51 +08:00: > newme-platform@0.1.0 start
2026-06-23 19:29:51 +08:00: > next start
2026-06-23 19:29:51 +08:00: 
2026-06-23 19:30:07 +08:00: 
2026-06-23 19:30:07 +08:00: > newme-platform@0.1.0 start
2026-06-23 19:30:07 +08:00: > next start
2026-06-23 19:30:07 +08:00: 
2026-06-23 19:30:22 +08:00: 
2026-06-23 19:30:22 +08:00: > newme-platform@0.1.0 start
2026-06-23 19:30:22 +08:00: > next start
2026-06-23 19:30:22 +08:00: 
2026-06-23 19:30:37 +08:00: 
2026-06-23 19:30:37 +08:00: > newme-platform@0.1.0 start
2026-06-23 19:30:37 +08:00: > next start
2026-06-23 19:30:37 +08:00: 
2026-06-23 19:30:53 +08:00: 
2026-06-23 19:30:53 +08:00: > newme-platform@0.1.0 start
2026-06-23 19:30:53 +08:00: > next start
2026-06-23 19:30:53 +08:00: 
2026-06-23 19:31:08 +08:00: 
2026-06-23 19:31:08 +08:00: > newme-platform@0.1.0 start
2026-06-23 19:31:08 +08:00: > next start
2026-06-23 19:31:08 +08:00: 
2026-06-23 19:31:24 +08:00: 
2026-06-23 19:31:24 +08:00: > newme-platform@0.1.0 start
2026-06-23 19:31:24 +08:00: > next start
2026-06-23 19:31:24 +08:00: 
2026-06-23 19:31:39 +08:00: 
2026-06-23 19:31:39 +08:00: > newme-platform@0.1.0 start
2026-06-23 19:31:39 +08:00: > next start
2026-06-23 19:31:39 +08:00: 
2026-06-23 19:31:54 +08:00: 
2026-06-23 19:31:54 +08:00: > newme-platform@0.1.0 start
2026-06-23 19:31:54 +08:00: > next start
2026-06-23 19:31:54 +08:00: 
2026-06-23 19:32:10 +08:00: 
2026-06-23 19:32:10 +08:00: > newme-platform@0.1.0 start
2026-06-23 19:32:10 +08:00: > next start
2026-06-23 19:32:10 +08:00: 
2026-06-23 19:32:25 +08:00: 
2026-06-23 19:32:25 +08:00: > newme-platform@0.1.0 start
2026-06-23 19:32:25 +08:00: > next start
2026-06-23 19:32:25 +08:00: 
2026-06-23 19:32:41 +08:00: 
2026-06-23 19:32:41 +08:00: > newme-platform@0.1.0 start
2026-06-23 19:32:41 +08:00: > next start
2026-06-23 19:32:41 +08:00: 
2026-06-23 19:32:56 +08:00: 
2026-06-23 19:32:56 +08:00: > newme-platform@0.1.0 start
2026-06-23 19:32:56 +08:00: > next start
2026-06-23 19:32:56 +08:00: 
2026-06-23 19:33:11 +08:00: 
2026-06-23 19:33:11 +08:00: > newme-platform@0.1.0 start
2026-06-23 19:33:11 +08:00: > next start
2026-06-23 19:33:11 +08:00: 
2026-06-23 19:33:27 +08:00: 
2026-06-23 19:33:27 +08:00: > newme-platform@0.1.0 start
2026-06-23 19:33:27 +08:00: > next start
2026-06-23 19:33:27 +08:00: 
2026-06-23 19:33:42 +08:00: 
2026-06-23 19:33:42 +08:00: > newme-platform@0.1.0 start
2026-06-23 19:33:42 +08:00: > next start
2026-06-23 19:33:42 +08:00: 
2026-06-23 19:33:58 +08:00: 
2026-06-23 19:33:58 +08:00: > newme-platform@0.1.0 start
2026-06-23 19:33:58 +08:00: > next start
2026-06-23 19:33:58 +08:00: 
2026-06-23 19:34:13 +08:00: 
2026-06-23 19:34:13 +08:00: > newme-platform@0.1.0 start
2026-06-23 19:34:13 +08:00: > next start
2026-06-23 19:34:13 +08:00: 
2026-06-23 19:34:28 +08:00: 
2026-06-23 19:34:28 +08:00: > newme-platform@0.1.0 start
2026-06-23 19:34:28 +08:00: > next start
2026-06-23 19:34:28 +08:00: 
2026-06-23 19:34:44 +08:00: 
2026-06-23 19:34:44 +08:00: > newme-platform@0.1.0 start
2026-06-23 19:34:44 +08:00: > next start
2026-06-23 19:34:44 +08:00: 
2026-06-23 19:34:59 +08:00: 
2026-06-23 19:34:59 +08:00: > newme-platform@0.1.0 start
2026-06-23 19:34:59 +08:00: > next start
2026-06-23 19:34:59 +08:00: 
2026-06-23 19:35:15 +08:00: 
2026-06-23 19:35:15 +08:00: > newme-platform@0.1.0 start
2026-06-23 19:35:15 +08:00: > next start
2026-06-23 19:35:15 +08:00: 
2026-06-23 19:35:30 +08:00: 
2026-06-23 19:35:30 +08:00: > newme-platform@0.1.0 start
2026-06-23 19:35:30 +08:00: > next start
2026-06-23 19:35:30 +08:00: 
2026-06-23 19:35:46 +08:00: 
2026-06-23 19:35:46 +08:00: > newme-platform@0.1.0 start
2026-06-23 19:35:46 +08:00: > next start
2026-06-23 19:35:46 +08:00: 
2026-06-23 19:36:01 +08:00: 
2026-06-23 19:36:01 +08:00: > newme-platform@0.1.0 start
2026-06-23 19:36:01 +08:00: > next start
2026-06-23 19:36:01 +08:00: 
2026-06-23 19:36:17 +08:00: 
2026-06-23 19:36:17 +08:00: > newme-platform@0.1.0 start
2026-06-23 19:36:17 +08:00: > next start
2026-06-23 19:36:17 +08:00: 
2026-06-23 19:36:33 +08:00: 
2026-06-23 19:36:33 +08:00: > newme-platform@0.1.0 start
2026-06-23 19:36:33 +08:00: > next start
2026-06-23 19:36:33 +08:00: 
2026-06-23 19:36:48 +08:00: 
2026-06-23 19:36:48 +08:00: > newme-platform@0.1.0 start
2026-06-23 19:36:48 +08:00: > next start
2026-06-23 19:36:48 +08:00: 
2026-06-23 19:37:04 +08:00: 
2026-06-23 19:37:04 +08:00: > newme-platform@0.1.0 start
2026-06-23 19:37:04 +08:00: > next start
2026-06-23 19:37:04 +08:00: 
2026-06-23 19:37:19 +08:00: 
2026-06-23 19:37:19 +08:00: > newme-platform@0.1.0 start
2026-06-23 19:37:19 +08:00: > next start
2026-06-23 19:37:19 +08:00: 
2026-06-23 19:37:34 +08:00: 
2026-06-23 19:37:34 +08:00: > newme-platform@0.1.0 start
2026-06-23 19:37:34 +08:00: > next start
2026-06-23 19:37:34 +08:00: 
2026-06-23 19:37:50 +08:00: 
2026-06-23 19:37:50 +08:00: > newme-platform@0.1.0 start
2026-06-23 19:37:50 +08:00: > next start
2026-06-23 19:37:50 +08:00: 
2026-06-23 19:38:05 +08:00: 
2026-06-23 19:38:05 +08:00: > newme-platform@0.1.0 start
2026-06-23 19:38:05 +08:00: > next start
2026-06-23 19:38:05 +08:00: 
2026-06-23 19:38:21 +08:00: 
2026-06-23 19:38:21 +08:00: > newme-platform@0.1.0 start
2026-06-23 19:38:21 +08:00: > next start
2026-06-23 19:38:21 +08:00: 
2026-06-23 19:38:36 +08:00: 
2026-06-23 19:38:36 +08:00: > newme-platform@0.1.0 start
2026-06-23 19:38:36 +08:00: > next start
2026-06-23 19:38:36 +08:00: 
2026-06-23 19:38:51 +08:00: 
2026-06-23 19:38:51 +08:00: > newme-platform@0.1.0 start
2026-06-23 19:38:51 +08:00: > next start
2026-06-23 19:38:51 +08:00: 
2026-06-23 19:39:07 +08:00: 
2026-06-23 19:39:07 +08:00: > newme-platform@0.1.0 start
2026-06-23 19:39:07 +08:00: > next start
2026-06-23 19:39:07 +08:00: 
2026-06-23 19:39:22 +08:00: 
2026-06-23 19:39:22 +08:00: > newme-platform@0.1.0 start
2026-06-23 19:39:22 +08:00: > next start
2026-06-23 19:39:22 +08:00: 
2026-06-23 19:39:38 +08:00: 
2026-06-23 19:39:38 +08:00: > newme-platform@0.1.0 start
2026-06-23 19:39:38 +08:00: > next start
2026-06-23 19:39:38 +08:00: 
2026-06-23 19:39:53 +08:00: 
2026-06-23 19:39:53 +08:00: > newme-platform@0.1.0 start
2026-06-23 19:39:53 +08:00: > next start
2026-06-23 19:39:53 +08:00: 
2026-06-23 19:40:08 +08:00: 
2026-06-23 19:40:08 +08:00: > newme-platform@0.1.0 start
2026-06-23 19:40:08 +08:00: > next start
2026-06-23 19:40:08 +08:00: 
2026-06-23 19:40:24 +08:00: 
2026-06-23 19:40:24 +08:00: > newme-platform@0.1.0 start
2026-06-23 19:40:24 +08:00: > next start
2026-06-23 19:40:24 +08:00: 
2026-06-23 19:40:39 +08:00: 
2026-06-23 19:40:39 +08:00: > newme-platform@0.1.0 start
2026-06-23 19:40:39 +08:00: > next start
2026-06-23 19:40:39 +08:00: 
2026-06-23 19:40:55 +08:00: 
2026-06-23 19:40:55 +08:00: > newme-platform@0.1.0 start
2026-06-23 19:40:55 +08:00: > next start
2026-06-23 19:40:55 +08:00: 
2026-06-23 19:41:10 +08:00: 
2026-06-23 19:41:10 +08:00: > newme-platform@0.1.0 start
2026-06-23 19:41:10 +08:00: > next start
2026-06-23 19:41:10 +08:00: 
2026-06-23 19:41:25 +08:00: 
2026-06-23 19:41:25 +08:00: > newme-platform@0.1.0 start
2026-06-23 19:41:25 +08:00: > next start
2026-06-23 19:41:25 +08:00: 
2026-06-23 19:41:41 +08:00: 
2026-06-23 19:41:41 +08:00: > newme-platform@0.1.0 start
2026-06-23 19:41:41 +08:00: > next start
2026-06-23 19:41:41 +08:00: 
2026-06-23 19:41:56 +08:00: 
2026-06-23 19:41:56 +08:00: > newme-platform@0.1.0 start
2026-06-23 19:41:56 +08:00: > next start
2026-06-23 19:41:56 +08:00: 
2026-06-23 19:42:12 +08:00: 
2026-06-23 19:42:12 +08:00: > newme-platform@0.1.0 start
2026-06-23 19:42:12 +08:00: > next start
2026-06-23 19:42:12 +08:00: 
2026-06-23 19:42:27 +08:00: 
2026-06-23 19:42:27 +08:00: > newme-platform@0.1.0 start
2026-06-23 19:42:27 +08:00: > next start
2026-06-23 19:42:27 +08:00: 
2026-06-23 19:42:42 +08:00: 
2026-06-23 19:42:42 +08:00: > newme-platform@0.1.0 start
2026-06-23 19:42:42 +08:00: > next start
2026-06-23 19:42:42 +08:00: 
2026-06-23 19:42:58 +08:00: 
2026-06-23 19:42:58 +08:00: > newme-platform@0.1.0 start
2026-06-23 19:42:58 +08:00: > next start
2026-06-23 19:42:58 +08:00: 
2026-06-23 19:43:13 +08:00: 
2026-06-23 19:43:13 +08:00: > newme-platform@0.1.0 start
2026-06-23 19:43:13 +08:00: > next start
2026-06-23 19:43:13 +08:00: 
2026-06-23 19:43:29 +08:00: 
2026-06-23 19:43:29 +08:00: > newme-platform@0.1.0 start
2026-06-23 19:43:29 +08:00: > next start
2026-06-23 19:43:29 +08:00: 
2026-06-23 19:43:44 +08:00: 
2026-06-23 19:43:44 +08:00: > newme-platform@0.1.0 start
2026-06-23 19:43:44 +08:00: > next start
2026-06-23 19:43:44 +08:00: 
2026-06-23 19:43:59 +08:00: 
2026-06-23 19:43:59 +08:00: > newme-platform@0.1.0 start
2026-06-23 19:43:59 +08:00: > next start
2026-06-23 19:43:59 +08:00: 
2026-06-23 19:44:15 +08:00: 
2026-06-23 19:44:15 +08:00: > newme-platform@0.1.0 start
2026-06-23 19:44:15 +08:00: > next start
2026-06-23 19:44:15 +08:00: 
2026-06-23 19:44:31 +08:00: 
2026-06-23 19:44:31 +08:00: > newme-platform@0.1.0 start
2026-06-23 19:44:31 +08:00: > next start
2026-06-23 19:44:31 +08:00: 
2026-06-23 19:44:46 +08:00: 
2026-06-23 19:44:46 +08:00: > newme-platform@0.1.0 start
2026-06-23 19:44:46 +08:00: > next start
2026-06-23 19:44:46 +08:00: 
2026-06-23 19:45:01 +08:00: 
2026-06-23 19:45:01 +08:00: > newme-platform@0.1.0 start
2026-06-23 19:45:01 +08:00: > next start
2026-06-23 19:45:01 +08:00: 
2026-06-23 19:45:17 +08:00: 
2026-06-23 19:45:17 +08:00: > newme-platform@0.1.0 start
2026-06-23 19:45:17 +08:00: > next start
2026-06-23 19:45:17 +08:00: 
2026-06-23 19:45:32 +08:00: 
2026-06-23 19:45:32 +08:00: > newme-platform@0.1.0 start
2026-06-23 19:45:32 +08:00: > next start
2026-06-23 19:45:32 +08:00: 
2026-06-23 19:45:48 +08:00: 
2026-06-23 19:45:48 +08:00: > newme-platform@0.1.0 start
2026-06-23 19:45:48 +08:00: > next start
2026-06-23 19:45:48 +08:00: 
2026-06-23 19:46:03 +08:00: 
2026-06-23 19:46:03 +08:00: > newme-platform@0.1.0 start
2026-06-23 19:46:03 +08:00: > next start
2026-06-23 19:46:03 +08:00: 
2026-06-23 19:46:18 +08:00: 
2026-06-23 19:46:18 +08:00: > newme-platform@0.1.0 start
2026-06-23 19:46:18 +08:00: > next start
2026-06-23 19:46:18 +08:00: 
2026-06-23 19:46:34 +08:00: 
2026-06-23 19:46:34 +08:00: > newme-platform@0.1.0 start
2026-06-23 19:46:34 +08:00: > next start
2026-06-23 19:46:34 +08:00: 
2026-06-23 19:46:49 +08:00: 
2026-06-23 19:46:49 +08:00: > newme-platform@0.1.0 start
2026-06-23 19:46:49 +08:00: > next start
2026-06-23 19:46:49 +08:00: 
2026-06-23 19:47:05 +08:00: 
2026-06-23 19:47:05 +08:00: > newme-platform@0.1.0 start
2026-06-23 19:47:05 +08:00: > next start
2026-06-23 19:47:05 +08:00: 
2026-06-23 19:47:20 +08:00: 
2026-06-23 19:47:20 +08:00: > newme-platform@0.1.0 start
2026-06-23 19:47:20 +08:00: > next start
2026-06-23 19:47:20 +08:00: 
2026-06-23 19:47:35 +08:00: 
2026-06-23 19:47:35 +08:00: > newme-platform@0.1.0 start
2026-06-23 19:47:35 +08:00: > next start
2026-06-23 19:47:35 +08:00: 
2026-06-23 19:47:51 +08:00: 
2026-06-23 19:47:51 +08:00: > newme-platform@0.1.0 start
2026-06-23 19:47:51 +08:00: > next start
2026-06-23 19:47:51 +08:00: 
2026-06-23 19:48:06 +08:00: 
2026-06-23 19:48:06 +08:00: > newme-platform@0.1.0 start
2026-06-23 19:48:06 +08:00: > next start
2026-06-23 19:48:06 +08:00: 
2026-06-23 19:48:22 +08:00: 
2026-06-23 19:48:22 +08:00: > newme-platform@0.1.0 start
2026-06-23 19:48:22 +08:00: > next start
2026-06-23 19:48:22 +08:00: 
2026-06-23 19:48:37 +08:00: 
2026-06-23 19:48:37 +08:00: > newme-platform@0.1.0 start
2026-06-23 19:48:37 +08:00: > next start
2026-06-23 19:48:37 +08:00: 
2026-06-23 19:48:52 +08:00: 
2026-06-23 19:48:52 +08:00: > newme-platform@0.1.0 start
2026-06-23 19:48:52 +08:00: > next start
2026-06-23 19:48:52 +08:00: 
2026-06-23 19:49:08 +08:00: 
2026-06-23 19:49:08 +08:00: > newme-platform@0.1.0 start
2026-06-23 19:49:08 +08:00: > next start
2026-06-23 19:49:08 +08:00: 
2026-06-23 19:49:23 +08:00: 
2026-06-23 19:49:23 +08:00: > newme-platform@0.1.0 start
2026-06-23 19:49:23 +08:00: > next start
2026-06-23 19:49:23 +08:00: 
2026-06-23 19:49:39 +08:00: 
2026-06-23 19:49:39 +08:00: > newme-platform@0.1.0 start
2026-06-23 19:49:39 +08:00: > next start
2026-06-23 19:49:39 +08:00: 
2026-06-23 19:49:54 +08:00: 
2026-06-23 19:49:54 +08:00: > newme-platform@0.1.0 start
2026-06-23 19:49:54 +08:00: > next start
2026-06-23 19:49:54 +08:00: 
2026-06-23 19:50:09 +08:00: 
2026-06-23 19:50:09 +08:00: > newme-platform@0.1.0 start
2026-06-23 19:50:09 +08:00: > next start
2026-06-23 19:50:09 +08:00: 
2026-06-23 19:50:25 +08:00: 
2026-06-23 19:50:25 +08:00: > newme-platform@0.1.0 start
2026-06-23 19:50:25 +08:00: > next start
2026-06-23 19:50:25 +08:00: 
2026-06-23 19:50:40 +08:00: 
2026-06-23 19:50:40 +08:00: > newme-platform@0.1.0 start
2026-06-23 19:50:40 +08:00: > next start
2026-06-23 19:50:40 +08:00: 
2026-06-23 19:50:56 +08:00: 
2026-06-23 19:50:56 +08:00: > newme-platform@0.1.0 start
2026-06-23 19:50:56 +08:00: > next start
2026-06-23 19:50:56 +08:00: 
2026-06-23 19:51:11 +08:00: 
2026-06-23 19:51:11 +08:00: > newme-platform@0.1.0 start
2026-06-23 19:51:11 +08:00: > next start
2026-06-23 19:51:11 +08:00: 
2026-06-23 19:51:26 +08:00: 
2026-06-23 19:51:26 +08:00: > newme-platform@0.1.0 start
2026-06-23 19:51:26 +08:00: > next start
2026-06-23 19:51:26 +08:00: 
2026-06-23 19:51:42 +08:00: 
2026-06-23 19:51:42 +08:00: > newme-platform@0.1.0 start
2026-06-23 19:51:42 +08:00: > next start
2026-06-23 19:51:42 +08:00: 
2026-06-23 19:51:57 +08:00: 
2026-06-23 19:51:57 +08:00: > newme-platform@0.1.0 start
2026-06-23 19:51:57 +08:00: > next start
2026-06-23 19:51:57 +08:00: 
2026-06-23 19:52:13 +08:00: 
2026-06-23 19:52:13 +08:00: > newme-platform@0.1.0 start
2026-06-23 19:52:13 +08:00: > next start
2026-06-23 19:52:13 +08:00: 
2026-06-23 19:52:28 +08:00: 
2026-06-23 19:52:28 +08:00: > newme-platform@0.1.0 start
2026-06-23 19:52:28 +08:00: > next start
2026-06-23 19:52:28 +08:00: 
2026-06-23 19:52:43 +08:00: 
2026-06-23 19:52:43 +08:00: > newme-platform@0.1.0 start
2026-06-23 19:52:43 +08:00: > next start
2026-06-23 19:52:43 +08:00: 
2026-06-23 19:52:59 +08:00: 
2026-06-23 19:52:59 +08:00: > newme-platform@0.1.0 start
2026-06-23 19:52:59 +08:00: > next start
2026-06-23 19:52:59 +08:00: 
2026-06-23 19:53:14 +08:00: 
2026-06-23 19:53:14 +08:00: > newme-platform@0.1.0 start
2026-06-23 19:53:14 +08:00: > next start
2026-06-23 19:53:14 +08:00: 
2026-06-23 19:53:30 +08:00: 
2026-06-23 19:53:30 +08:00: > newme-platform@0.1.0 start
2026-06-23 19:53:30 +08:00: > next start
2026-06-23 19:53:30 +08:00: 
2026-06-23 19:53:45 +08:00: 
2026-06-23 19:53:45 +08:00: > newme-platform@0.1.0 start
2026-06-23 19:53:45 +08:00: > next start
2026-06-23 19:53:45 +08:00: 
2026-06-23 19:54:00 +08:00: 
2026-06-23 19:54:00 +08:00: > newme-platform@0.1.0 start
2026-06-23 19:54:00 +08:00: > next start
2026-06-23 19:54:00 +08:00: 
2026-06-23 19:54:16 +08:00: 
2026-06-23 19:54:16 +08:00: > newme-platform@0.1.0 start
2026-06-23 19:54:16 +08:00: > next start
2026-06-23 19:54:16 +08:00: 
2026-06-23 19:54:31 +08:00: 
2026-06-23 19:54:31 +08:00: > newme-platform@0.1.0 start
2026-06-23 19:54:31 +08:00: > next start
2026-06-23 19:54:31 +08:00: 
2026-06-23 19:54:47 +08:00: 
2026-06-23 19:54:47 +08:00: > newme-platform@0.1.0 start
2026-06-23 19:54:47 +08:00: > next start
2026-06-23 19:54:47 +08:00: 
2026-06-23 19:55:02 +08:00: 
2026-06-23 19:55:02 +08:00: > newme-platform@0.1.0 start
2026-06-23 19:55:02 +08:00: > next start
2026-06-23 19:55:02 +08:00: 
2026-06-23 19:55:18 +08:00: 
2026-06-23 19:55:18 +08:00: > newme-platform@0.1.0 start
2026-06-23 19:55:18 +08:00: > next start
2026-06-23 19:55:18 +08:00: 
2026-06-23 19:55:33 +08:00: 
2026-06-23 19:55:33 +08:00: > newme-platform@0.1.0 start
2026-06-23 19:55:33 +08:00: > next start
2026-06-23 19:55:33 +08:00: 
2026-06-23 19:55:48 +08:00: 
2026-06-23 19:55:48 +08:00: > newme-platform@0.1.0 start
2026-06-23 19:55:48 +08:00: > next start
2026-06-23 19:55:48 +08:00: 
2026-06-23 19:56:04 +08:00: 
2026-06-23 19:56:04 +08:00: > newme-platform@0.1.0 start
2026-06-23 19:56:04 +08:00: > next start
2026-06-23 19:56:04 +08:00: 
2026-06-23 19:56:19 +08:00: 
2026-06-23 19:56:19 +08:00: > newme-platform@0.1.0 start
2026-06-23 19:56:19 +08:00: > next start
2026-06-23 19:56:19 +08:00: 
2026-06-23 19:56:35 +08:00: 
2026-06-23 19:56:35 +08:00: > newme-platform@0.1.0 start
2026-06-23 19:56:35 +08:00: > next start
2026-06-23 19:56:35 +08:00: 
2026-06-23 19:56:50 +08:00: 
2026-06-23 19:56:50 +08:00: > newme-platform@0.1.0 start
2026-06-23 19:56:50 +08:00: > next start
2026-06-23 19:56:50 +08:00: 
2026-06-23 19:57:05 +08:00: 
2026-06-23 19:57:05 +08:00: > newme-platform@0.1.0 start
2026-06-23 19:57:05 +08:00: > next start
2026-06-23 19:57:05 +08:00: 
2026-06-23 19:57:21 +08:00: 
2026-06-23 19:57:21 +08:00: > newme-platform@0.1.0 start
2026-06-23 19:57:21 +08:00: > next start
2026-06-23 19:57:21 +08:00: 
2026-06-23 19:57:36 +08:00: 
2026-06-23 19:57:36 +08:00: > newme-platform@0.1.0 start
2026-06-23 19:57:36 +08:00: > next start
2026-06-23 19:57:36 +08:00: 
2026-06-23 19:57:52 +08:00: 
2026-06-23 19:57:52 +08:00: > newme-platform@0.1.0 start
2026-06-23 19:57:52 +08:00: > next start
2026-06-23 19:57:52 +08:00: 
2026-06-23 19:58:07 +08:00: 
2026-06-23 19:58:07 +08:00: > newme-platform@0.1.0 start
2026-06-23 19:58:07 +08:00: > next start
2026-06-23 19:58:07 +08:00: 
2026-06-23 19:58:22 +08:00: 
2026-06-23 19:58:22 +08:00: > newme-platform@0.1.0 start
2026-06-23 19:58:22 +08:00: > next start
2026-06-23 19:58:22 +08:00: 
2026-06-23 19:58:38 +08:00: 
2026-06-23 19:58:38 +08:00: > newme-platform@0.1.0 start
2026-06-23 19:58:38 +08:00: > next start
2026-06-23 19:58:38 +08:00: 
2026-06-23 19:58:53 +08:00: 
2026-06-23 19:58:53 +08:00: > newme-platform@0.1.0 start
2026-06-23 19:58:53 +08:00: > next start
2026-06-23 19:58:53 +08:00: 
2026-06-23 19:59:09 +08:00: 
2026-06-23 19:59:09 +08:00: > newme-platform@0.1.0 start
2026-06-23 19:59:09 +08:00: > next start
2026-06-23 19:59:09 +08:00: 
2026-06-23 19:59:24 +08:00: 
2026-06-23 19:59:24 +08:00: > newme-platform@0.1.0 start
2026-06-23 19:59:24 +08:00: > next start
2026-06-23 19:59:24 +08:00: 
2026-06-23 19:59:39 +08:00: 
2026-06-23 19:59:39 +08:00: > newme-platform@0.1.0 start
2026-06-23 19:59:39 +08:00: > next start
2026-06-23 19:59:39 +08:00: 
2026-06-23 19:59:55 +08:00: 
2026-06-23 19:59:55 +08:00: > newme-platform@0.1.0 start
2026-06-23 19:59:55 +08:00: > next start
2026-06-23 19:59:55 +08:00: 
2026-06-23 20:00:10 +08:00: 
2026-06-23 20:00:10 +08:00: > newme-platform@0.1.0 start
2026-06-23 20:00:10 +08:00: > next start
2026-06-23 20:00:10 +08:00: 
2026-06-23 20:00:26 +08:00: 
2026-06-23 20:00:26 +08:00: > newme-platform@0.1.0 start
2026-06-23 20:00:26 +08:00: > next start
2026-06-23 20:00:26 +08:00: 
2026-06-23 20:00:41 +08:00: 
2026-06-23 20:00:41 +08:00: > newme-platform@0.1.0 start
2026-06-23 20:00:41 +08:00: > next start
2026-06-23 20:00:41 +08:00: 
2026-06-23 20:00:56 +08:00: 
2026-06-23 20:00:56 +08:00: > newme-platform@0.1.0 start
2026-06-23 20:00:56 +08:00: > next start
2026-06-23 20:00:56 +08:00: 
2026-06-23 20:01:12 +08:00: 
2026-06-23 20:01:12 +08:00: > newme-platform@0.1.0 start
2026-06-23 20:01:12 +08:00: > next start
2026-06-23 20:01:12 +08:00: 
2026-06-23 20:01:27 +08:00: 
2026-06-23 20:01:27 +08:00: > newme-platform@0.1.0 start
2026-06-23 20:01:27 +08:00: > next start
2026-06-23 20:01:27 +08:00: 
2026-06-23 20:01:43 +08:00: 
2026-06-23 20:01:43 +08:00: > newme-platform@0.1.0 start
2026-06-23 20:01:43 +08:00: > next start
2026-06-23 20:01:43 +08:00: 
2026-06-23 20:01:58 +08:00: 
2026-06-23 20:01:58 +08:00: > newme-platform@0.1.0 start
2026-06-23 20:01:58 +08:00: > next start
2026-06-23 20:01:58 +08:00: 
2026-06-23 20:02:14 +08:00: 
2026-06-23 20:02:14 +08:00: > newme-platform@0.1.0 start
2026-06-23 20:02:14 +08:00: > next start
2026-06-23 20:02:14 +08:00: 
2026-06-23 20:02:29 +08:00: 
2026-06-23 20:02:29 +08:00: > newme-platform@0.1.0 start
2026-06-23 20:02:29 +08:00: > next start
2026-06-23 20:02:29 +08:00: 
2026-06-23 20:02:45 +08:00: 
2026-06-23 20:02:45 +08:00: > newme-platform@0.1.0 start
2026-06-23 20:02:45 +08:00: > next start
2026-06-23 20:02:45 +08:00: 
2026-06-23 20:03:00 +08:00: 
2026-06-23 20:03:00 +08:00: > newme-platform@0.1.0 start
2026-06-23 20:03:00 +08:00: > next start
2026-06-23 20:03:00 +08:00: 
2026-06-23 20:03:15 +08:00: 
2026-06-23 20:03:15 +08:00: > newme-platform@0.1.0 start
2026-06-23 20:03:15 +08:00: > next start
2026-06-23 20:03:15 +08:00: 
2026-06-23 20:03:31 +08:00: 
2026-06-23 20:03:31 +08:00: > newme-platform@0.1.0 start
2026-06-23 20:03:31 +08:00: > next start
2026-06-23 20:03:31 +08:00: 
2026-06-23 20:03:47 +08:00: 
2026-06-23 20:03:47 +08:00: > newme-platform@0.1.0 start
2026-06-23 20:03:47 +08:00: > next start
2026-06-23 20:03:47 +08:00: 
2026-06-23 20:04:02 +08:00: 
2026-06-23 20:04:02 +08:00: > newme-platform@0.1.0 start
2026-06-23 20:04:02 +08:00: > next start
2026-06-23 20:04:02 +08:00: 
2026-06-23 20:04:18 +08:00: 
2026-06-23 20:04:18 +08:00: > newme-platform@0.1.0 start
2026-06-23 20:04:18 +08:00: > next start
2026-06-23 20:04:18 +08:00: 
2026-06-23 20:04:33 +08:00: 
2026-06-23 20:04:33 +08:00: > newme-platform@0.1.0 start
2026-06-23 20:04:33 +08:00: > next start
2026-06-23 20:04:33 +08:00: 
2026-06-23 20:04:49 +08:00: 
2026-06-23 20:04:49 +08:00: > newme-platform@0.1.0 start
2026-06-23 20:04:49 +08:00: > next start
2026-06-23 20:04:49 +08:00: 
2026-06-23 20:05:04 +08:00: 
2026-06-23 20:05:04 +08:00: > newme-platform@0.1.0 start
2026-06-23 20:05:04 +08:00: > next start
2026-06-23 20:05:04 +08:00: 
2026-06-23 20:05:20 +08:00: 
2026-06-23 20:05:20 +08:00: > newme-platform@0.1.0 start
2026-06-23 20:05:20 +08:00: > next start
2026-06-23 20:05:20 +08:00: 
2026-06-23 20:05:35 +08:00: 
2026-06-23 20:05:35 +08:00: > newme-platform@0.1.0 start
2026-06-23 20:05:35 +08:00: > next start
2026-06-23 20:05:35 +08:00: 
2026-06-23 20:05:50 +08:00: 
2026-06-23 20:05:50 +08:00: > newme-platform@0.1.0 start
2026-06-23 20:05:50 +08:00: > next start
2026-06-23 20:05:50 +08:00: 
2026-06-23 20:06:06 +08:00: 
2026-06-23 20:06:06 +08:00: > newme-platform@0.1.0 start
2026-06-23 20:06:06 +08:00: > next start
2026-06-23 20:06:06 +08:00: 
2026-06-23 20:06:21 +08:00: 
2026-06-23 20:06:21 +08:00: > newme-platform@0.1.0 start
2026-06-23 20:06:21 +08:00: > next start
2026-06-23 20:06:21 +08:00: 
2026-06-23 20:06:37 +08:00: 
2026-06-23 20:06:37 +08:00: > newme-platform@0.1.0 start
2026-06-23 20:06:37 +08:00: > next start
2026-06-23 20:06:37 +08:00: 
2026-06-23 20:06:52 +08:00: 
2026-06-23 20:06:52 +08:00: > newme-platform@0.1.0 start
2026-06-23 20:06:52 +08:00: > next start
2026-06-23 20:06:52 +08:00: 
2026-06-23 20:07:07 +08:00: 
2026-06-23 20:07:07 +08:00: > newme-platform@0.1.0 start
2026-06-23 20:07:07 +08:00: > next start
2026-06-23 20:07:07 +08:00: 
2026-06-23 20:07:23 +08:00: 
2026-06-23 20:07:23 +08:00: > newme-platform@0.1.0 start
2026-06-23 20:07:23 +08:00: > next start
2026-06-23 20:07:23 +08:00: 
2026-06-23 20:07:38 +08:00: 
2026-06-23 20:07:38 +08:00: > newme-platform@0.1.0 start
2026-06-23 20:07:38 +08:00: > next start
2026-06-23 20:07:38 +08:00: 
2026-06-23 20:07:54 +08:00: 
2026-06-23 20:07:54 +08:00: > newme-platform@0.1.0 start
2026-06-23 20:07:54 +08:00: > next start
2026-06-23 20:07:54 +08:00: 
2026-06-23 20:08:09 +08:00: 
2026-06-23 20:08:09 +08:00: > newme-platform@0.1.0 start
2026-06-23 20:08:09 +08:00: > next start
2026-06-23 20:08:09 +08:00: 
2026-06-23 20:08:24 +08:00: 
2026-06-23 20:08:24 +08:00: > newme-platform@0.1.0 start
2026-06-23 20:08:24 +08:00: > next start
2026-06-23 20:08:24 +08:00: 
2026-06-23 20:08:40 +08:00: 
2026-06-23 20:08:40 +08:00: > newme-platform@0.1.0 start
2026-06-23 20:08:40 +08:00: > next start
2026-06-23 20:08:40 +08:00: 
2026-06-23 20:08:55 +08:00: 
2026-06-23 20:08:55 +08:00: > newme-platform@0.1.0 start
2026-06-23 20:08:55 +08:00: > next start
2026-06-23 20:08:55 +08:00: 
2026-06-23 20:09:11 +08:00: 
2026-06-23 20:09:11 +08:00: > newme-platform@0.1.0 start
2026-06-23 20:09:11 +08:00: > next start
2026-06-23 20:09:11 +08:00: 
2026-06-23 20:09:26 +08:00: 
2026-06-23 20:09:26 +08:00: > newme-platform@0.1.0 start
2026-06-23 20:09:26 +08:00: > next start
2026-06-23 20:09:26 +08:00: 
2026-06-23 20:09:41 +08:00: 
2026-06-23 20:09:41 +08:00: > newme-platform@0.1.0 start
2026-06-23 20:09:41 +08:00: > next start
2026-06-23 20:09:41 +08:00: 
